pg_dump: warning: there are circular foreign-key constraints on this table:
pg_dump: detail: hypertable
pg_dump: hint: You might not be able to restore the dump without using --disable-triggers or temporarily dropping the constraints.
pg_dump: hint: Consider using a full dump instead of a --data-only dump to avoid this problem.
pg_dump: warning: there are circular foreign-key constraints on this table:
pg_dump: detail: chunk
pg_dump: hint: You might not be able to restore the dump without using --disable-triggers or temporarily dropping the constraints.
pg_dump: hint: Consider using a full dump instead of a --data-only dump to avoid this problem.
pg_dump: warning: there are circular foreign-key constraints on this table:
pg_dump: detail: continuous_agg
pg_dump: hint: You might not be able to restore the dump without using --disable-triggers or temporarily dropping the constraints.
pg_dump: hint: Consider using a full dump instead of a --data-only dump to avoid this problem.
--
-- PostgreSQL database dump
--

\restrict 0Jz4nrxvMbj5ioIIpSZkB3KzsNOgc3tVWVgbP0wZGCTiycGVt4ZJQ6xym5t6flb

-- Dumped from database version 16.13
-- Dumped by pg_dump version 16.13

SET statement_timeout = 0;
SET lock_timeout = 0;
SET idle_in_transaction_session_timeout = 0;
SET client_encoding = 'UTF8';
SET standard_conforming_strings = on;
SELECT pg_catalog.set_config('search_path', '', false);
SET check_function_bodies = false;
SET xmloption = content;
SET client_min_messages = warning;
SET row_security = off;

--
-- Name: timescaledb; Type: EXTENSION; Schema: -; Owner: -
--

CREATE EXTENSION IF NOT EXISTS timescaledb WITH SCHEMA public;


--
-- Name: EXTENSION timescaledb; Type: COMMENT; Schema: -; Owner: 
--

COMMENT ON EXTENSION timescaledb IS 'Enables scalable inserts and complex queries for time-series data (Community Edition)';


SET default_tablespace = '';

SET default_table_access_method = heap;

--
-- Name: asset_prices; Type: TABLE; Schema: public; Owner: admin
--

CREATE TABLE public.asset_prices (
    id uuid NOT NULL,
    asset_id uuid NOT NULL,
    price numeric(16,8) NOT NULL,
    "timestamp" timestamp without time zone DEFAULT now()
);


ALTER TABLE public.asset_prices OWNER TO admin;

--
-- Name: assets; Type: TABLE; Schema: public; Owner: admin
--

CREATE TABLE public.assets (
    id uuid NOT NULL,
    symbol character varying NOT NULL,
    name character varying NOT NULL,
    asset_type character varying,
    isin character varying,
    currency character varying,
    last_api_update timestamp without time zone
);


ALTER TABLE public.assets OWNER TO admin;

--
-- Name: portfolio_items; Type: TABLE; Schema: public; Owner: admin
--

CREATE TABLE public.portfolio_items (
    id uuid NOT NULL,
    portfolio_id uuid,
    asset_id uuid,
    quantity numeric(18,8) NOT NULL,
    avg_cost_price numeric(18,4)
);


ALTER TABLE public.portfolio_items OWNER TO admin;

--
-- Name: portfolios; Type: TABLE; Schema: public; Owner: admin
--

CREATE TABLE public.portfolios (
    id uuid NOT NULL,
    user_id uuid,
    name character varying NOT NULL,
    description character varying,
    created_at timestamp without time zone
);


ALTER TABLE public.portfolios OWNER TO admin;

--
-- Name: transactions; Type: TABLE; Schema: public; Owner: admin
--

CREATE TABLE public.transactions (
    id uuid NOT NULL,
    portfolio_id uuid NOT NULL,
    asset_id uuid NOT NULL,
    type character varying NOT NULL,
    quantity numeric(18,8) NOT NULL,
    price_per_unit numeric(18,4) NOT NULL,
    fees numeric(18,4) DEFAULT 0.0,
    total_amount numeric(18,4),
    currency character varying DEFAULT 'EUR'::character varying,
    transaction_date timestamp without time zone DEFAULT CURRENT_TIMESTAMP,
    realized_pnl numeric(18,4),
    exchange_rate numeric(18,8) DEFAULT 1.0
);


ALTER TABLE public.transactions OWNER TO admin;

--
-- Name: users; Type: TABLE; Schema: public; Owner: admin
--

CREATE TABLE public.users (
    id uuid NOT NULL,
    username character varying NOT NULL,
    email character varying NOT NULL,
    password character varying NOT NULL,
    is_admin boolean NOT NULL,
    preferred_curency character varying,
    created_at timestamp without time zone
);


ALTER TABLE public.users OWNER TO admin;

--
-- Data for Name: hypertable; Type: TABLE DATA; Schema: _timescaledb_catalog; Owner: admin
--

COPY _timescaledb_catalog.hypertable (id, schema_name, table_name, associated_schema_name, associated_table_prefix, num_dimensions, chunk_sizing_func_schema, chunk_sizing_func_name, chunk_target_size, compression_state, compressed_hypertable_id, status) FROM stdin;
\.


--
-- Data for Name: bgw_job; Type: TABLE DATA; Schema: _timescaledb_catalog; Owner: admin
--

COPY _timescaledb_catalog.bgw_job (id, application_name, schedule_interval, max_runtime, max_retries, retry_period, proc_schema, proc_name, owner, scheduled, fixed_schedule, initial_start, hypertable_id, config, check_schema, check_name, timezone) FROM stdin;
\.


--
-- Data for Name: chunk; Type: TABLE DATA; Schema: _timescaledb_catalog; Owner: admin
--

COPY _timescaledb_catalog.chunk (id, hypertable_id, schema_name, table_name, compressed_chunk_id, status, osm_chunk, creation_time) FROM stdin;
\.


--
-- Data for Name: chunk_column_stats; Type: TABLE DATA; Schema: _timescaledb_catalog; Owner: admin
--

COPY _timescaledb_catalog.chunk_column_stats (id, hypertable_id, chunk_id, column_name, range_start, range_end, valid) FROM stdin;
\.


--
-- Data for Name: dimension; Type: TABLE DATA; Schema: _timescaledb_catalog; Owner: admin
--

COPY _timescaledb_catalog.dimension (id, hypertable_id, column_name, column_type, aligned, num_slices, partitioning_func_schema, partitioning_func, interval_length, compress_interval_length, integer_now_func_schema, integer_now_func) FROM stdin;
\.


--
-- Data for Name: dimension_slice; Type: TABLE DATA; Schema: _timescaledb_catalog; Owner: admin
--

COPY _timescaledb_catalog.dimension_slice (id, dimension_id, range_start, range_end) FROM stdin;
\.


--
-- Data for Name: chunk_constraint; Type: TABLE DATA; Schema: _timescaledb_catalog; Owner: admin
--

COPY _timescaledb_catalog.chunk_constraint (chunk_id, dimension_slice_id, constraint_name, hypertable_constraint_name) FROM stdin;
\.


--
-- Data for Name: compression_chunk_size; Type: TABLE DATA; Schema: _timescaledb_catalog; Owner: admin
--

COPY _timescaledb_catalog.compression_chunk_size (chunk_id, compressed_chunk_id, uncompressed_heap_size, uncompressed_toast_size, uncompressed_index_size, compressed_heap_size, compressed_toast_size, compressed_index_size, numrows_pre_compression, numrows_post_compression, numrows_frozen_immediately) FROM stdin;
\.


--
-- Data for Name: compression_settings; Type: TABLE DATA; Schema: _timescaledb_catalog; Owner: admin
--

COPY _timescaledb_catalog.compression_settings (relid, compress_relid, segmentby, orderby, orderby_desc, orderby_nullsfirst, index) FROM stdin;
\.


--
-- Data for Name: continuous_agg; Type: TABLE DATA; Schema: _timescaledb_catalog; Owner: admin
--

COPY _timescaledb_catalog.continuous_agg (mat_hypertable_id, raw_hypertable_id, parent_mat_hypertable_id, user_view_schema, user_view_name, partial_view_schema, partial_view_name, direct_view_schema, direct_view_name, materialized_only) FROM stdin;
\.


--
-- Data for Name: continuous_aggs_bucket_function; Type: TABLE DATA; Schema: _timescaledb_catalog; Owner: admin
--

COPY _timescaledb_catalog.continuous_aggs_bucket_function (mat_hypertable_id, bucket_func, bucket_width, bucket_origin, bucket_offset, bucket_timezone, bucket_fixed_width) FROM stdin;
\.


--
-- Data for Name: continuous_aggs_hypertable_invalidation_log; Type: TABLE DATA; Schema: _timescaledb_catalog; Owner: admin
--

COPY _timescaledb_catalog.continuous_aggs_hypertable_invalidation_log (hypertable_id, lowest_modified_value, greatest_modified_value) FROM stdin;
\.


--
-- Data for Name: continuous_aggs_invalidation_threshold; Type: TABLE DATA; Schema: _timescaledb_catalog; Owner: admin
--

COPY _timescaledb_catalog.continuous_aggs_invalidation_threshold (hypertable_id, watermark) FROM stdin;
\.


--
-- Data for Name: continuous_aggs_materialization_invalidation_log; Type: TABLE DATA; Schema: _timescaledb_catalog; Owner: admin
--

COPY _timescaledb_catalog.continuous_aggs_materialization_invalidation_log (materialization_id, lowest_modified_value, greatest_modified_value) FROM stdin;
\.


--
-- Data for Name: continuous_aggs_materialization_ranges; Type: TABLE DATA; Schema: _timescaledb_catalog; Owner: admin
--

COPY _timescaledb_catalog.continuous_aggs_materialization_ranges (materialization_id, lowest_modified_value, greatest_modified_value) FROM stdin;
\.


--
-- Data for Name: continuous_aggs_watermark; Type: TABLE DATA; Schema: _timescaledb_catalog; Owner: admin
--

COPY _timescaledb_catalog.continuous_aggs_watermark (mat_hypertable_id, watermark) FROM stdin;
\.


--
-- Data for Name: metadata; Type: TABLE DATA; Schema: _timescaledb_catalog; Owner: admin
--

COPY _timescaledb_catalog.metadata (key, value, include_in_telemetry) FROM stdin;
install_timestamp	2026-04-08 17:35:13.135092+00	t
timescaledb_version	2.26.2	f
exported_uuid	7ce8b0a8-63f3-4df4-9c49-2a5b834f7e1e	t
\.


--
-- Data for Name: tablespace; Type: TABLE DATA; Schema: _timescaledb_catalog; Owner: admin
--

COPY _timescaledb_catalog.tablespace (id, hypertable_id, tablespace_name) FROM stdin;
\.


--
-- Data for Name: asset_prices; Type: TABLE DATA; Schema: public; Owner: admin
--

COPY public.asset_prices (id, asset_id, price, "timestamp") FROM stdin;
d863beb5-5d29-4e86-a19b-841029b4d27a	fafaedd2-3a70-4be8-b4b5-37159a255790	260.48001099	2026-04-11 22:59:10.647345
de1a01a5-896c-453a-8634-1c8dc551dd98	a60d62fb-5c02-4531-90dc-5e18d776eb07	370.86999512	2026-04-11 23:12:48.671975
dff3878b-ca64-45f4-a717-db4eb30a3478	fafaedd2-3a70-4be8-b4b5-37159a255790	260.48001099	2026-04-11 23:25:05.630712
4ba04f5a-fa0b-4a37-a6ee-9f7f855b06f7	4098f6e8-9183-462a-84c1-715bdbb139a3	317.23999023	2026-04-11 23:36:21.918406
5e554357-659d-451e-8edd-6aba9b032637	12a1b046-b009-463d-b04a-19e4ac69715f	238.38000488	2026-04-11 23:36:22.6573
d1948c54-f421-46e7-a04a-cdba1a2376bc	b347ffb5-16e7-4a76-aa01-9ebc296dca7b	629.85998535	2026-04-11 23:36:23.386171
bb5fb751-5ce5-4f5c-87fd-153e39075710	87b1aac2-6693-4cf9-b1b1-46efb415f871	45.24000168	2026-04-11 23:36:24.126832
97242d6c-c79a-4448-a008-5917602a2586	ab2e4ce6-a736-4027-b0ae-b233ba882db2	99.16999817	2026-04-11 23:36:25.07867
89336d6d-afb3-4fe9-9e53-be07867082f2	71ad93f3-31ce-48a8-bd55-de6f2f0a22f5	62.38000107	2026-04-11 23:36:25.870607
65fba380-6409-44d1-b17f-30e5f24ca363	693d7914-19ee-473f-b781-2abf591a2d24	348.95001221	2026-04-11 23:36:26.622837
0c215915-ac51-4f08-8f53-87809cdb556a	a63cc413-cc1c-45fd-98e4-0cf05fa3ff46	188.63000488	2026-04-11 23:36:27.406533
5993d6aa-6561-4779-b2d9-5986a71fda48	6215418d-239e-4413-ba26-e950ddd4fc66	1478.28002930	2026-04-11 23:36:28.179301
c0cbd9d4-5b0f-4460-a77e-c4ceb6fad141	c8b6eeeb-a877-45d9-8005-cdacb31fd329	304.35998535	2026-04-11 23:36:28.884889
033b811a-15ed-4052-b375-f22fcc5cd40d	7cea3f1f-376a-4ef5-b9b6-6b796fb73c57	103.01000214	2026-04-11 23:36:29.558888
33bf4416-bb5e-40e2-8352-0b501d503f7f	a60d62fb-5c02-4531-90dc-5e18d776eb07	370.86999512	2026-04-11 23:36:30.255436
e0eb7700-2625-4ad8-8021-799fba152a89	fafaedd2-3a70-4be8-b4b5-37159a255790	260.48001099	2026-04-11 23:36:30.962693
d3ce462f-1807-4b61-8596-71c23401db12	12a1b046-b009-463d-b04a-19e4ac69715f	238.38000488	2026-04-11 23:50:29.712749
e1570624-5409-429b-a4ee-c672cc675d20	4098f6e8-9183-462a-84c1-715bdbb139a3	317.23999023	2026-04-11 23:50:30.462394
c80558d7-a345-491f-af71-47f1100c5261	6215418d-239e-4413-ba26-e950ddd4fc66	1478.28002930	2026-04-11 23:50:31.223145
fe567f05-ba75-4968-9e4b-1a6a94621a0b	693d7914-19ee-473f-b781-2abf591a2d24	348.95001221	2026-04-11 23:50:31.950433
1849b34b-85a7-4fe5-ae12-012699f4cc68	71ad93f3-31ce-48a8-bd55-de6f2f0a22f5	62.38000107	2026-04-11 23:50:32.775272
410ea63b-cb3e-47e8-9ad7-0253c589caf2	7cea3f1f-376a-4ef5-b9b6-6b796fb73c57	103.01000214	2026-04-11 23:50:33.482465
b14bf2fe-64a8-4ce3-b2e1-f3a135260cc2	87b1aac2-6693-4cf9-b1b1-46efb415f871	45.24000168	2026-04-11 23:50:34.199859
fed27f22-e142-4a26-a7b2-0e2886abda6e	a60d62fb-5c02-4531-90dc-5e18d776eb07	370.86999512	2026-04-11 23:50:34.967562
d6b5acc7-51eb-41b4-b788-f7e3f860b905	a63cc413-cc1c-45fd-98e4-0cf05fa3ff46	188.63000488	2026-04-11 23:50:35.722629
686130ae-4cb4-42f9-a499-8d3a686a581e	ab2e4ce6-a736-4027-b0ae-b233ba882db2	99.16999817	2026-04-11 23:50:36.602722
1e298997-c8e3-4c60-9a97-c6e7e42302ad	b347ffb5-16e7-4a76-aa01-9ebc296dca7b	629.85998535	2026-04-11 23:50:37.332974
dbac6156-b9d0-4381-8d62-37171e780ffc	c8b6eeeb-a877-45d9-8005-cdacb31fd329	304.35998535	2026-04-11 23:50:38.118753
b67e00f5-bc6a-4f6f-aab0-8cc32e55d0a6	fafaedd2-3a70-4be8-b4b5-37159a255790	260.48001099	2026-04-11 23:50:38.980506
4e1b364d-1f70-4dbf-88f8-06dfd552c4ea	12a1b046-b009-463d-b04a-19e4ac69715f	238.38000488	2026-04-11 23:52:29.158794
52e09fa8-60b8-4b55-9fd4-afe26b50d2db	4098f6e8-9183-462a-84c1-715bdbb139a3	317.23999023	2026-04-11 23:52:29.834757
f005a0fc-bba6-42a2-8bdf-b5f97800d123	6215418d-239e-4413-ba26-e950ddd4fc66	1478.28002930	2026-04-11 23:52:30.514987
3fa31ab3-b17e-44af-88d8-85e83e83a7a7	693d7914-19ee-473f-b781-2abf591a2d24	348.95001221	2026-04-11 23:52:31.177163
f183d266-a167-47cd-932c-4bc7a6c86836	71ad93f3-31ce-48a8-bd55-de6f2f0a22f5	62.38000107	2026-04-11 23:52:31.875759
6dbd2fe0-a336-4d6c-a254-b40548b5286e	7cea3f1f-376a-4ef5-b9b6-6b796fb73c57	103.01000214	2026-04-11 23:52:32.535064
06ceb48d-9a7b-461e-8dfa-a96484465c9f	87b1aac2-6693-4cf9-b1b1-46efb415f871	45.24000168	2026-04-11 23:52:33.201059
3b64069c-c621-4ac4-a9fe-bfadf85d1267	a60d62fb-5c02-4531-90dc-5e18d776eb07	370.86999512	2026-04-11 23:52:33.899542
7403a450-4511-4cd0-b264-b0eae40fe375	a63cc413-cc1c-45fd-98e4-0cf05fa3ff46	188.63000488	2026-04-11 23:52:34.581843
91e36570-d2ea-4efc-9aeb-1bed75e324c1	ab2e4ce6-a736-4027-b0ae-b233ba882db2	99.16999817	2026-04-11 23:52:35.318555
266be8a8-db37-42c9-a559-c7e140dfa6f9	b347ffb5-16e7-4a76-aa01-9ebc296dca7b	629.85998535	2026-04-11 23:52:35.991272
d2798645-48c9-498a-80cb-158aff0914de	c8b6eeeb-a877-45d9-8005-cdacb31fd329	304.35998535	2026-04-11 23:52:36.662211
cb3b0a2b-8b87-46da-a3e0-fdcd32de5ce2	fafaedd2-3a70-4be8-b4b5-37159a255790	260.48001099	2026-04-11 23:52:37.382015
76f51b84-82d4-4e24-90fe-2ab1995ba647	12a1b046-b009-463d-b04a-19e4ac69715f	238.38000488	2026-04-11 23:53:08.034638
6d749234-3188-4fd4-8e99-3393ffc3eeaf	4098f6e8-9183-462a-84c1-715bdbb139a3	317.23999023	2026-04-11 23:53:08.781352
f8d40578-5288-446c-8aab-f92c06d7d375	6215418d-239e-4413-ba26-e950ddd4fc66	1478.28002930	2026-04-11 23:53:09.556002
36c380ca-a77d-449f-a48f-63c8ca94343d	693d7914-19ee-473f-b781-2abf591a2d24	348.95001221	2026-04-11 23:53:10.278522
95e25e6a-e94c-40bb-8067-dd71f62cf2d9	71ad93f3-31ce-48a8-bd55-de6f2f0a22f5	62.38000107	2026-04-11 23:53:11.058594
a69c2f11-84ec-48b7-ba6d-bac497004ada	7cea3f1f-376a-4ef5-b9b6-6b796fb73c57	103.01000214	2026-04-11 23:53:11.793309
0e9ad785-0115-4a6b-9aab-b888b385cc8c	87b1aac2-6693-4cf9-b1b1-46efb415f871	45.24000168	2026-04-11 23:53:12.511102
825cfeba-4eb0-4ca1-a108-b385b7b46177	a60d62fb-5c02-4531-90dc-5e18d776eb07	370.86999512	2026-04-11 23:53:13.309246
b0c2134d-c747-4f67-b4af-d0cb7f2def88	a63cc413-cc1c-45fd-98e4-0cf05fa3ff46	188.63000488	2026-04-11 23:53:14.067326
66e41469-13c5-4d10-aac7-5173900dbfa9	ab2e4ce6-a736-4027-b0ae-b233ba882db2	99.16999817	2026-04-11 23:53:14.9167
9e5b70cc-edc9-4d7a-ac87-99a10b36a399	b347ffb5-16e7-4a76-aa01-9ebc296dca7b	629.85998535	2026-04-11 23:53:15.646615
0075a580-26de-45de-828f-a5a9d6d87e6a	c8b6eeeb-a877-45d9-8005-cdacb31fd329	304.35998535	2026-04-11 23:53:16.433458
792b7ce4-35d8-4efd-a7b4-f5abbd13aae8	fafaedd2-3a70-4be8-b4b5-37159a255790	260.48001099	2026-04-11 23:53:17.233861
63afc40c-fd2a-47bb-b2be-29a046d24f75	12a1b046-b009-463d-b04a-19e4ac69715f	238.38000488	2026-04-11 23:55:07.528678
c5d17d48-e38c-4551-bdb8-7d6b1f46bb14	4098f6e8-9183-462a-84c1-715bdbb139a3	317.23999023	2026-04-11 23:55:08.212693
c17230ca-45d6-4d14-a1b2-4be7f8d04824	6215418d-239e-4413-ba26-e950ddd4fc66	1478.28002930	2026-04-11 23:55:08.898914
d7f81329-580c-419b-bc19-08a58dce8730	693d7914-19ee-473f-b781-2abf591a2d24	348.95001221	2026-04-11 23:55:09.572298
6e62449e-68b0-409e-8e88-7cbc9ab9d529	71ad93f3-31ce-48a8-bd55-de6f2f0a22f5	62.38000107	2026-04-11 23:55:10.274616
0c87a001-8089-4285-b142-af042675937a	7cea3f1f-376a-4ef5-b9b6-6b796fb73c57	103.01000214	2026-04-11 23:55:10.946224
f8b27559-74a1-4cf2-b867-3484c6b2da98	87b1aac2-6693-4cf9-b1b1-46efb415f871	45.24000168	2026-04-11 23:55:11.60276
e2c6fe9a-a6ac-482b-a07d-5f1716eecc89	a60d62fb-5c02-4531-90dc-5e18d776eb07	370.86999512	2026-04-11 23:55:12.30274
615eb8d5-9973-4921-ba37-ccda1efda057	a63cc413-cc1c-45fd-98e4-0cf05fa3ff46	188.63000488	2026-04-11 23:55:12.991556
e3565786-659d-4cfd-9af0-44b0d9b10f8a	ab2e4ce6-a736-4027-b0ae-b233ba882db2	99.16999817	2026-04-11 23:55:13.745584
8dc06af3-ea7d-4b16-9875-eecd2b7f523b	b347ffb5-16e7-4a76-aa01-9ebc296dca7b	629.85998535	2026-04-11 23:55:14.433118
1e469ff0-9595-4268-b897-15d80d5bbf5a	c8b6eeeb-a877-45d9-8005-cdacb31fd329	304.35998535	2026-04-11 23:55:15.111855
42bdb26f-7193-46a6-a14b-20a90ab152cc	fafaedd2-3a70-4be8-b4b5-37159a255790	260.48001099	2026-04-11 23:55:15.853309
83ce662e-9e3c-4c7a-a4ad-3c038e3a00f1	4098f6e8-9183-462a-84c1-715bdbb139a3	317.23999023	2026-04-11 23:59:37.180918
acca7bc7-6e0a-4ec0-9cc9-63f13593b188	6215418d-239e-4413-ba26-e950ddd4fc66	1478.28002930	2026-04-11 23:59:37.958279
44cb00f3-f575-4d26-ac9d-6e0e50061ed6	693d7914-19ee-473f-b781-2abf591a2d24	348.95001221	2026-04-11 23:59:38.696851
319d5300-f842-4e2b-9041-fd09701b6c3d	71ad93f3-31ce-48a8-bd55-de6f2f0a22f5	62.38000107	2026-04-11 23:59:39.499156
492f1604-12f0-40ea-97a7-a841e21685d2	7cea3f1f-376a-4ef5-b9b6-6b796fb73c57	103.01000214	2026-04-11 23:59:40.212009
2ac6df2d-73e6-42e2-a26f-2ebf8a388334	87b1aac2-6693-4cf9-b1b1-46efb415f871	45.24000168	2026-04-11 23:59:40.940191
508f8da7-7491-47d2-aab5-bf2fa019635f	a60d62fb-5c02-4531-90dc-5e18d776eb07	370.86999512	2026-04-11 23:59:41.72267
7a036be8-e4e7-4205-8ede-fdb68fdb1da1	a63cc413-cc1c-45fd-98e4-0cf05fa3ff46	188.63000488	2026-04-11 23:59:42.479925
d5276e32-9d88-4328-8d4f-367049a78238	ab2e4ce6-a736-4027-b0ae-b233ba882db2	99.16999817	2026-04-11 23:59:43.360065
dc93e850-819d-4b5b-8ffe-693793c95e5c	b347ffb5-16e7-4a76-aa01-9ebc296dca7b	629.85998535	2026-04-11 23:59:44.074174
71f4a5e3-8d97-4736-8d6f-1cb25ebcaa7f	c8b6eeeb-a877-45d9-8005-cdacb31fd329	304.35998535	2026-04-11 23:59:44.83266
7be28d92-3473-4379-bceb-ad15943b3431	fafaedd2-3a70-4be8-b4b5-37159a255790	260.48001099	2026-04-11 23:59:45.636773
f8b781d5-1498-4ec2-924c-feb46ee56f99	12a1b046-b009-463d-b04a-19e4ac69715f	238.38000488	2026-04-11 23:59:46.364431
be54489d-d296-4164-ad9c-c1970ce0ea70	56d6ef01-d96d-4337-8ab1-1a4802e68b74	163.10000610	2026-04-12 00:00:08.100967
f01fdf1e-a4c2-4b08-9c8c-1269d53169a6	12a1b046-b009-463d-b04a-19e4ac69715f	238.38000488	2026-04-12 00:05:46.073123
384fc023-5ece-4ba4-9111-4e89b9f1bf8a	4098f6e8-9183-462a-84c1-715bdbb139a3	317.23999023	2026-04-12 00:05:46.81436
a052a493-d54f-448c-a3da-f2f461bd01ce	6215418d-239e-4413-ba26-e950ddd4fc66	1478.28002930	2026-04-12 00:05:47.579538
d5ce8a99-bf43-4e66-af04-35917e4f0fb9	693d7914-19ee-473f-b781-2abf591a2d24	348.95001221	2026-04-12 00:05:48.291378
273fad19-52ba-420c-b237-40ec906a9fbd	71ad93f3-31ce-48a8-bd55-de6f2f0a22f5	62.38000107	2026-04-12 00:05:49.098675
e06fdf4a-cdc6-4e7c-bbb5-687fd90d1d7c	7cea3f1f-376a-4ef5-b9b6-6b796fb73c57	103.01000214	2026-04-12 00:05:49.856961
361d3c21-410b-40b2-a7ac-16468dbb695c	87b1aac2-6693-4cf9-b1b1-46efb415f871	45.24000168	2026-04-12 00:05:50.578594
89ad0a74-3263-4afb-8ac9-72bf8b23b045	a60d62fb-5c02-4531-90dc-5e18d776eb07	370.86999512	2026-04-12 00:05:51.345039
7b0e67b8-5db4-4323-b2b3-28db16af378d	a63cc413-cc1c-45fd-98e4-0cf05fa3ff46	188.63000488	2026-04-12 00:05:52.120488
9a62bf2a-48df-458b-b67a-0b6449b16b4e	ab2e4ce6-a736-4027-b0ae-b233ba882db2	99.16999817	2026-04-12 00:05:52.993193
1513d40a-d7a6-40f0-ad90-2e4c76f95938	b347ffb5-16e7-4a76-aa01-9ebc296dca7b	629.85998535	2026-04-12 00:05:53.724028
c4c2e4c2-e66d-425c-833e-a4ed4418b4e9	c8b6eeeb-a877-45d9-8005-cdacb31fd329	304.35998535	2026-04-12 00:05:54.503079
6e88d554-2ce4-4f54-af4e-149e3f2c8ef5	fafaedd2-3a70-4be8-b4b5-37159a255790	260.48001099	2026-04-12 00:05:55.320844
7df833f3-e706-42f7-b93a-dde27f9dc187	56d6ef01-d96d-4337-8ab1-1a4802e68b74	163.10000610	2026-04-12 00:05:56.114841
1051e93c-530d-4b4d-bc59-db9db8eeed58	12a1b046-b009-463d-b04a-19e4ac69715f	238.38000488	2026-04-12 00:18:52.096721
7fc14821-c2dd-4608-8408-8c6d79e1bc48	4098f6e8-9183-462a-84c1-715bdbb139a3	317.23999023	2026-04-12 00:18:52.76362
e76005f4-f5e7-48f3-95df-4c68b35a97e4	56d6ef01-d96d-4337-8ab1-1a4802e68b74	163.10000610	2026-04-12 00:18:53.441876
80f50bae-89ab-4b9e-b407-5a095569546a	6215418d-239e-4413-ba26-e950ddd4fc66	1478.28002930	2026-04-12 00:18:54.12622
cf1a033a-6302-4a44-a2e1-dcfd5911c50e	693d7914-19ee-473f-b781-2abf591a2d24	348.95001221	2026-04-12 00:18:54.794934
eaa6f8df-39d4-49ff-8378-762927a43558	71ad93f3-31ce-48a8-bd55-de6f2f0a22f5	62.38000107	2026-04-12 00:18:55.47957
3e98e387-bca3-4128-b231-42336f2ef461	7cea3f1f-376a-4ef5-b9b6-6b796fb73c57	103.01000214	2026-04-12 00:18:56.147073
57fe1c50-3b1c-4e40-8d73-eb4bf3fdab40	87b1aac2-6693-4cf9-b1b1-46efb415f871	45.24000168	2026-04-12 00:18:56.821336
be46e65e-2429-46f6-999a-bc83786eedbd	a60d62fb-5c02-4531-90dc-5e18d776eb07	370.86999512	2026-04-12 00:18:57.535518
ec133db8-f7dd-4cb1-9bf7-6555183a8182	a63cc413-cc1c-45fd-98e4-0cf05fa3ff46	188.63000488	2026-04-12 00:18:58.202237
da93b745-d67d-4a44-a552-707837f3e4cb	ab2e4ce6-a736-4027-b0ae-b233ba882db2	99.16999817	2026-04-12 00:18:58.940071
f69e7188-cf1e-4d5f-8217-b5c384cce798	b347ffb5-16e7-4a76-aa01-9ebc296dca7b	629.85998535	2026-04-12 00:18:59.634106
ec932256-2b69-475b-a4c5-fbd7f338a1b3	c8b6eeeb-a877-45d9-8005-cdacb31fd329	304.35998535	2026-04-12 00:19:00.324316
6e8733f5-8263-4ce5-b8af-1325c8c7956a	fafaedd2-3a70-4be8-b4b5-37159a255790	260.48001099	2026-04-12 00:19:01.038717
3bc43e4a-7606-4538-87ad-a0bf3068ba03	18ebc3fd-9550-4f1e-879b-8868f819bf50	377.29998779	2026-04-12 00:19:08.007393
d313495f-3562-4df6-8dea-c34b907c1657	96ce9d82-6026-4263-8575-83c8594bc857	110.13999939	2026-04-12 00:20:02.181005
badac7c5-15bc-413b-8152-c964e53e9fba	6db8ad62-2f3d-47e5-9f5b-172f72796b39	149.67999268	2026-04-12 00:23:02.931748
9ccd7c6c-6db7-49ae-8dc8-bab1cbc2b768	96ce9d82-6026-4263-8575-83c8594bc857	110.13999939	2026-04-12 00:29:57.380294
a12f7fdc-bdf7-4d10-b84d-d91c0b035c1e	6db8ad62-2f3d-47e5-9f5b-172f72796b39	149.67999268	2026-04-12 00:29:58.093488
64104f22-6bfe-4476-b283-fed964bb5b5e	12a1b046-b009-463d-b04a-19e4ac69715f	238.38000488	2026-04-12 00:29:58.74832
53f01827-14e3-48ad-8e17-685e41c92bf2	4098f6e8-9183-462a-84c1-715bdbb139a3	317.23999023	2026-04-12 00:29:59.409764
adaebd73-689e-4bba-8a96-b5fc9b6c1848	56d6ef01-d96d-4337-8ab1-1a4802e68b74	163.10000610	2026-04-12 00:30:00.114015
72ba5957-f6da-4045-be99-c0ab5cf089f1	6215418d-239e-4413-ba26-e950ddd4fc66	1478.28002930	2026-04-12 00:30:00.79372
51a53584-bbbb-412f-b09c-d1ae7323f25a	693d7914-19ee-473f-b781-2abf591a2d24	348.95001221	2026-04-12 00:30:01.457387
45299cac-f706-462d-8a4f-c2c2d617da08	71ad93f3-31ce-48a8-bd55-de6f2f0a22f5	62.38000107	2026-04-12 00:30:02.154694
0942da20-5d0e-4db1-8453-52c227a03efb	7cea3f1f-376a-4ef5-b9b6-6b796fb73c57	103.01000214	2026-04-12 00:30:02.827589
03fb4c0d-dfc9-4d7b-a89f-56b3ba972003	87b1aac2-6693-4cf9-b1b1-46efb415f871	45.24000168	2026-04-12 00:30:03.484817
46697fe6-e2d3-4d1d-ad66-12ff4659ba3d	a60d62fb-5c02-4531-90dc-5e18d776eb07	370.86999512	2026-04-12 00:30:04.181458
8c264073-d558-4ff2-8a9d-b7e7320f6ff8	a63cc413-cc1c-45fd-98e4-0cf05fa3ff46	188.63000488	2026-04-12 00:30:04.865887
fddbcbc1-704d-4e1c-aa84-0ac82f6ef135	ab2e4ce6-a736-4027-b0ae-b233ba882db2	99.16999817	2026-04-12 00:30:05.583108
559a46b9-34bc-4702-a78d-0f7e7b0f6c57	b347ffb5-16e7-4a76-aa01-9ebc296dca7b	629.85998535	2026-04-12 00:30:06.221638
fc526534-5dfd-4d7b-8415-c55728a1bec8	c8b6eeeb-a877-45d9-8005-cdacb31fd329	304.35998535	2026-04-12 00:30:06.90703
8d391f4c-7b92-451a-bf90-0d31225b3c56	fafaedd2-3a70-4be8-b4b5-37159a255790	260.48001099	2026-04-12 00:30:07.627013
6727ccae-be13-4f75-97a2-9a8128b72aad	18ebc3fd-9550-4f1e-879b-8868f819bf50	377.29998779	2026-04-12 00:30:08.344735
dc275f34-2812-4307-899c-3abb8a7a8708	28328a5a-252c-4a27-9a73-5aca097a1148	22.42000008	2026-04-12 00:33:15.228616
ba1388fd-3f0c-4e6f-8e9d-ae3f54fc8511	dd3a7f04-94cd-43fe-8a6b-17cb10722bf5	229.44999695	2026-04-12 00:35:39.847945
cef62003-9570-450f-b796-9b1c7a36059f	0d125a30-ebfb-4afd-bdec-d8c2af899b06	53.88000107	2026-04-12 00:37:05.403459
59c03d91-7bc0-43e3-b7d2-504dedcc353e	12a1b046-b009-463d-b04a-19e4ac69715f	238.38000488	2026-04-12 00:42:31.526332
e621df51-d5fb-443b-b2e6-c2194937785e	18ebc3fd-9550-4f1e-879b-8868f819bf50	377.29998779	2026-04-12 00:42:32.208928
92ea360c-cd42-42fc-9031-ea7497722ea4	4098f6e8-9183-462a-84c1-715bdbb139a3	317.23999023	2026-04-12 00:42:32.850487
c5f5726b-a5ee-437e-88f1-ebbb15b2ffaf	56d6ef01-d96d-4337-8ab1-1a4802e68b74	163.10000610	2026-04-12 00:42:33.524607
b6c9a6b3-a8d6-449f-bee7-71d9ba8d83fc	6215418d-239e-4413-ba26-e950ddd4fc66	1478.28002930	2026-04-12 00:42:34.184767
d916b4f1-756b-4ee9-aee4-7f3f12c68552	693d7914-19ee-473f-b781-2abf591a2d24	348.95001221	2026-04-12 00:42:34.842444
f99820d4-d89e-4759-97cf-79f20af2571e	71ad93f3-31ce-48a8-bd55-de6f2f0a22f5	62.38000107	2026-04-12 00:42:35.55472
2e9cd3d4-6357-44d9-bd2a-f39973f1fd6a	7cea3f1f-376a-4ef5-b9b6-6b796fb73c57	103.01000214	2026-04-12 00:42:36.213921
3d99bf9a-3d54-4268-9ef6-14326c2b7fa7	87b1aac2-6693-4cf9-b1b1-46efb415f871	45.24000168	2026-04-12 00:42:36.873468
2a7bdb8a-e4f0-4ddd-ac0c-94e74e171347	96ce9d82-6026-4263-8575-83c8594bc857	110.13999939	2026-04-12 00:42:37.569451
80077ec7-df40-4433-b5f8-c4e7881b70e8	a60d62fb-5c02-4531-90dc-5e18d776eb07	370.86999512	2026-04-12 00:42:38.250288
5f6d0338-d026-4d88-8a02-3cd06bf388c9	a63cc413-cc1c-45fd-98e4-0cf05fa3ff46	188.63000488	2026-04-12 00:42:38.930806
9088b16c-89b0-4fa0-a99c-091cd4aa4022	ab2e4ce6-a736-4027-b0ae-b233ba882db2	99.16999817	2026-04-12 00:42:39.676815
a075288d-1d39-4d22-9730-8e988d13e68c	b347ffb5-16e7-4a76-aa01-9ebc296dca7b	629.85998535	2026-04-12 00:42:40.377997
84a31d44-1d4d-4c12-aaaf-cc4233a02710	c8b6eeeb-a877-45d9-8005-cdacb31fd329	304.35998535	2026-04-12 00:42:41.05981
78c8e00e-3658-4564-8b9b-8024f8ac8920	fafaedd2-3a70-4be8-b4b5-37159a255790	260.48001099	2026-04-12 00:42:41.776332
c35b38d0-40e6-4e9d-b976-15e818f1803b	6db8ad62-2f3d-47e5-9f5b-172f72796b39	149.67999268	2026-04-12 00:42:42.50599
04e4ffb7-051e-416e-9bfd-98845dc85c71	28328a5a-252c-4a27-9a73-5aca097a1148	22.42000008	2026-04-12 00:42:43.849184
530f1bbc-2599-430e-8ccb-f29b19545226	dd3a7f04-94cd-43fe-8a6b-17cb10722bf5	229.44999695	2026-04-12 00:42:44.566129
711d870d-9791-400c-a68e-775e4891bca1	0d125a30-ebfb-4afd-bdec-d8c2af899b06	53.88000107	2026-04-12 00:42:45.257222
d9fc178a-d4ba-43dc-ad7b-487116d2a708	0d125a30-ebfb-4afd-bdec-d8c2af899b06	53.88000107	2026-04-12 00:42:47.591253
de3c8096-a04b-4b0a-a212-ee89a8805cb4	12a1b046-b009-463d-b04a-19e4ac69715f	238.38000488	2026-04-12 00:42:48.263662
b5a0e7e6-6c7e-4ac1-9335-fef9a91d702c	18ebc3fd-9550-4f1e-879b-8868f819bf50	377.29998779	2026-04-12 00:42:48.969949
89863542-7d08-4d06-969f-6d576f733106	28328a5a-252c-4a27-9a73-5aca097a1148	22.42000008	2026-04-12 00:42:49.643826
e4b0487b-7ac5-4b6c-bc33-07cfa169c157	4098f6e8-9183-462a-84c1-715bdbb139a3	317.23999023	2026-04-12 00:42:50.314636
53be9b34-cfa6-4567-9fa4-28d84117c1e5	56d6ef01-d96d-4337-8ab1-1a4802e68b74	163.10000610	2026-04-12 00:42:50.993573
dc29e791-1be2-47a6-a44e-8c4759c35b3c	6215418d-239e-4413-ba26-e950ddd4fc66	1478.28002930	2026-04-12 00:42:51.685813
fafb25a8-0561-4017-8fdf-6c84a90ee538	693d7914-19ee-473f-b781-2abf591a2d24	348.95001221	2026-04-12 00:42:52.337838
3ec5db2a-77e5-43df-a108-6aa80ba840a4	6db8ad62-2f3d-47e5-9f5b-172f72796b39	149.67999268	2026-04-12 00:42:53.057602
3f365b9f-3a87-49bb-90d0-dd8f25c7204a	71ad93f3-31ce-48a8-bd55-de6f2f0a22f5	62.38000107	2026-04-12 00:42:53.744026
77e8a850-7530-4e5d-aed3-d841c2f33b9d	7cea3f1f-376a-4ef5-b9b6-6b796fb73c57	103.01000214	2026-04-12 00:42:54.398111
b6d1e73f-a888-47dd-aa2c-e4c5f974e5ca	87b1aac2-6693-4cf9-b1b1-46efb415f871	45.24000168	2026-04-12 00:42:55.07091
bfc9856f-7c02-4753-ada3-3362ca1dca79	96ce9d82-6026-4263-8575-83c8594bc857	110.13999939	2026-04-12 00:42:55.759751
5eb9b342-2dc2-4ae9-aca2-a4880a562f6e	a60d62fb-5c02-4531-90dc-5e18d776eb07	370.86999512	2026-04-12 00:42:56.445153
55e54f9d-41ae-4613-af11-6ea95f332336	a63cc413-cc1c-45fd-98e4-0cf05fa3ff46	188.63000488	2026-04-12 00:42:57.121658
b4e4477b-ebf6-4f22-bb50-c3d52e46e869	ab2e4ce6-a736-4027-b0ae-b233ba882db2	99.16999817	2026-04-12 00:42:57.868402
4e4bc36c-bef5-4a83-8321-f70869401b89	b347ffb5-16e7-4a76-aa01-9ebc296dca7b	629.85998535	2026-04-12 00:42:58.530077
b9385d48-47d0-40cf-ab95-cdf09b3bf0ef	c8b6eeeb-a877-45d9-8005-cdacb31fd329	304.35998535	2026-04-12 00:42:59.211167
8d765c43-a1fc-4441-9afd-eae7b72d8ed9	dd3a7f04-94cd-43fe-8a6b-17cb10722bf5	229.44999695	2026-04-12 00:42:59.90717
420dd7d4-e714-402e-a82f-4e1ba3afebcf	fafaedd2-3a70-4be8-b4b5-37159a255790	260.48001099	2026-04-12 00:43:00.604442
5d21cb12-934a-4549-bdb3-98d043d300f0	05a2f16a-df0a-434b-ba8b-5cfe791aaea4	1.14500000	2026-04-12 00:43:07.872131
48ab1727-9aad-495f-b95b-7c3ac21855a9	33a0e0e5-1154-441a-af29-aaa348855806	1463.80004883	2026-04-12 00:44:14.278803
6f95fcf5-079c-4b0a-acdd-7b31da33abf0	693d7914-19ee-473f-b781-2abf591a2d24	348.95001221	2026-04-12 00:46:41.327187
34b45b23-a648-4a7c-9302-d5dd0c131866	6db8ad62-2f3d-47e5-9f5b-172f72796b39	149.67999268	2026-04-12 00:46:42.081332
4c10ebb2-504b-46e7-bad7-9a0f2585ba00	71ad93f3-31ce-48a8-bd55-de6f2f0a22f5	62.38000107	2026-04-12 00:46:42.782049
1f49381c-e974-456f-a028-69ebe8ea4538	7cea3f1f-376a-4ef5-b9b6-6b796fb73c57	103.01000214	2026-04-12 00:46:43.454056
780763c7-75ab-408e-8389-50dde1a25186	87b1aac2-6693-4cf9-b1b1-46efb415f871	45.24000168	2026-04-12 00:46:44.120844
e622a438-f0a1-40e7-bfad-40128278145d	96ce9d82-6026-4263-8575-83c8594bc857	110.13999939	2026-04-12 00:46:44.828922
62e6d070-96de-46ca-911b-28ebc24f765e	a60d62fb-5c02-4531-90dc-5e18d776eb07	370.86999512	2026-04-12 00:46:45.518114
820d8424-36ba-485c-baa7-adeceb92eda9	a63cc413-cc1c-45fd-98e4-0cf05fa3ff46	188.63000488	2026-04-12 00:46:46.192464
64710706-29dd-4ded-be7c-b9c60894084e	ab2e4ce6-a736-4027-b0ae-b233ba882db2	99.16999817	2026-04-12 00:46:46.89314
d574b362-b0f8-48cf-80ee-c51920e8c1f9	b347ffb5-16e7-4a76-aa01-9ebc296dca7b	629.85998535	2026-04-12 00:46:47.569291
092969f3-763b-4c14-aa30-1a2210c0e4ca	c8b6eeeb-a877-45d9-8005-cdacb31fd329	304.35998535	2026-04-12 00:46:48.224942
eee34202-58f0-4c3d-8048-47a38653cb93	dd3a7f04-94cd-43fe-8a6b-17cb10722bf5	229.44999695	2026-04-12 00:46:48.90991
3813e607-7219-4bde-aaf7-d566b2597b91	fafaedd2-3a70-4be8-b4b5-37159a255790	260.48001099	2026-04-12 00:46:49.6046
aec6047f-b62a-4c4b-8661-6cdfbcd248b2	05a2f16a-df0a-434b-ba8b-5cfe791aaea4	1.14500000	2026-04-12 00:46:50.227757
9be52b39-0e40-4f4f-9c4f-cc8b7c0c924b	33a0e0e5-1154-441a-af29-aaa348855806	1463.80004883	2026-04-12 00:46:50.922472
d5b5f059-c8ef-4eb6-a146-153b3c367a5e	0d125a30-ebfb-4afd-bdec-d8c2af899b06	53.88000107	2026-04-12 00:46:52.349317
2e54ec5e-74ac-4efb-8387-3d7b74bc59f0	12a1b046-b009-463d-b04a-19e4ac69715f	238.38000488	2026-04-12 00:46:52.98285
57820327-b1a4-4c0b-bde5-d1b377d55c5f	18ebc3fd-9550-4f1e-879b-8868f819bf50	377.29998779	2026-04-12 00:46:53.664608
b89237fa-67ca-4b17-8267-9b464139b52a	28328a5a-252c-4a27-9a73-5aca097a1148	22.42000008	2026-04-12 00:46:54.358139
b617012c-d621-4a8f-95cc-0a710fc5c68b	4098f6e8-9183-462a-84c1-715bdbb139a3	317.23999023	2026-04-12 00:46:55.007238
91fffb72-b24b-4bc7-8820-e87b4bdbc278	56d6ef01-d96d-4337-8ab1-1a4802e68b74	163.10000610	2026-04-12 00:46:55.677399
dfeb90cd-92b8-4a6d-a2aa-0f50b88bf990	6215418d-239e-4413-ba26-e950ddd4fc66	1478.28002930	2026-04-12 00:46:56.343856
0b19ae46-61b6-4c8b-ac91-dd58d3c67abb	468e115c-9efd-4f31-a301-b7114a7f1c67	7.94399977	2026-04-12 00:48:02.074496
7d467eb8-9a39-4e12-8263-b8c9298235c5	05a2f16a-df0a-434b-ba8b-5cfe791aaea4	1.14500000	2026-04-12 00:47:47.301036
e613cd5f-c4de-426f-9b70-4d712ebb5dd0	0d125a30-ebfb-4afd-bdec-d8c2af899b06	53.88000107	2026-04-12 00:47:47.999235
73704331-a606-411d-9e9c-40f9e850f892	12a1b046-b009-463d-b04a-19e4ac69715f	238.38000488	2026-04-12 00:47:48.635348
f981bef3-1249-41cd-9660-a84d7e3d5aef	18ebc3fd-9550-4f1e-879b-8868f819bf50	377.29998779	2026-04-12 00:47:49.324234
6df98c08-1e3c-41e2-9e1c-58d0c6c07c72	28328a5a-252c-4a27-9a73-5aca097a1148	22.42000008	2026-04-12 00:47:50.680268
7f938445-05dd-4cf9-b702-ac929591c7b3	33a0e0e5-1154-441a-af29-aaa348855806	1463.80004883	2026-04-12 00:47:51.375861
2272c058-4788-4afd-b624-669cc9f11371	4098f6e8-9183-462a-84c1-715bdbb139a3	317.23999023	2026-04-12 00:47:52.051933
fdab608d-8585-45aa-9913-f8b4e867623d	56d6ef01-d96d-4337-8ab1-1a4802e68b74	163.10000610	2026-04-12 00:47:52.727692
06332dde-00b1-4281-9597-47e6413d2178	6215418d-239e-4413-ba26-e950ddd4fc66	1478.28002930	2026-04-12 00:47:53.406708
a464bb30-99a3-4137-a091-526dabf35f87	693d7914-19ee-473f-b781-2abf591a2d24	348.95001221	2026-04-12 00:47:54.045163
41e66330-117a-4606-baea-f75c47f4859b	6db8ad62-2f3d-47e5-9f5b-172f72796b39	149.67999268	2026-04-12 00:47:54.786334
a9f35b2b-5141-4333-970b-6e79e41c0f9c	71ad93f3-31ce-48a8-bd55-de6f2f0a22f5	62.38000107	2026-04-12 00:47:55.474275
0907a61c-a531-4dc0-8f92-9eafa22c2d03	7cea3f1f-376a-4ef5-b9b6-6b796fb73c57	103.01000214	2026-04-12 00:47:56.1226
d7aad2ba-5675-4b06-8ce2-4e3720bf13cc	87b1aac2-6693-4cf9-b1b1-46efb415f871	45.24000168	2026-04-12 00:47:56.880783
66d29470-7ada-43c3-b52d-4d383a2caf63	96ce9d82-6026-4263-8575-83c8594bc857	110.13999939	2026-04-12 00:47:57.581136
06ae3380-169f-4a67-945e-385e35ae2408	a60d62fb-5c02-4531-90dc-5e18d776eb07	370.86999512	2026-04-12 00:47:58.275478
305cbda4-b77b-4c31-b91f-47636c3e0faf	a63cc413-cc1c-45fd-98e4-0cf05fa3ff46	188.63000488	2026-04-12 00:47:58.951432
5ed097fc-ce10-470e-b1be-573ea91a8595	ab2e4ce6-a736-4027-b0ae-b233ba882db2	99.16999817	2026-04-12 00:47:59.727673
ebc8dcdd-bcbd-4793-aa53-63a632f472e1	b347ffb5-16e7-4a76-aa01-9ebc296dca7b	629.85998535	2026-04-12 00:48:00.41045
38491e98-b842-46c6-bbfa-e06440fc7949	c8b6eeeb-a877-45d9-8005-cdacb31fd329	304.35998535	2026-04-12 00:48:01.091738
f19ec2ba-0644-43d8-9313-b0d9ae88a18f	dd3a7f04-94cd-43fe-8a6b-17cb10722bf5	229.44999695	2026-04-12 00:48:01.792428
87478ac8-498e-4c08-b96b-e712abbc4758	fafaedd2-3a70-4be8-b4b5-37159a255790	260.48001099	2026-04-12 00:48:02.49531
0d6032a8-759e-4eff-a0aa-36a61c324dc1	12a1b046-b009-463d-b04a-19e4ac69715f	238.38000488	2026-04-12 08:15:33.032855
b401f798-5cdb-402c-9d08-747112e9bea3	18ebc3fd-9550-4f1e-879b-8868f819bf50	377.29998779	2026-04-12 08:15:33.722195
dec02ba5-4f5c-4066-a984-fa03e625beae	28328a5a-252c-4a27-9a73-5aca097a1148	22.42000008	2026-04-12 08:15:34.381381
9bacdaea-bb12-46d2-ba09-be4bae1f9914	33a0e0e5-1154-441a-af29-aaa348855806	1463.80004883	2026-04-12 08:15:35.061378
ba8ecac3-de99-4b7f-9890-510b70280732	4098f6e8-9183-462a-84c1-715bdbb139a3	317.23999023	2026-04-12 08:15:35.700061
7441c7fa-64d4-4cf6-ad2c-f9d0e7d8404d	56d6ef01-d96d-4337-8ab1-1a4802e68b74	163.10000610	2026-04-12 08:15:36.382496
32e39ac2-f71f-4caf-9941-54d45eb78f8c	6215418d-239e-4413-ba26-e950ddd4fc66	1478.28002930	2026-04-12 08:15:37.063947
73b1b012-825f-4274-8f87-f505fa413ccb	693d7914-19ee-473f-b781-2abf591a2d24	348.95001221	2026-04-12 08:15:37.730032
143cca10-cc09-4c77-a4f8-543454a50591	6db8ad62-2f3d-47e5-9f5b-172f72796b39	149.67999268	2026-04-12 08:15:38.490367
f6fb8689-960e-4280-a1c5-6275dfd63e93	71ad93f3-31ce-48a8-bd55-de6f2f0a22f5	62.38000107	2026-04-12 08:15:39.185026
10051604-f2fd-44f5-b3c9-32ef9561007c	7cea3f1f-376a-4ef5-b9b6-6b796fb73c57	103.01000214	2026-04-12 08:15:39.861626
8f2cdda0-d481-4f49-9dad-6a4b2b0e4105	87b1aac2-6693-4cf9-b1b1-46efb415f871	45.24000168	2026-04-12 08:15:40.528682
604cbc38-158a-41bb-96c9-f314e60c7cdc	96ce9d82-6026-4263-8575-83c8594bc857	110.13999939	2026-04-12 08:15:41.227118
ef584c7f-7c03-484e-99a5-a4d995877f43	a60d62fb-5c02-4531-90dc-5e18d776eb07	370.86999512	2026-04-12 08:15:42.598779
d393ef2c-cccf-406e-b92b-9e5c915401e4	a63cc413-cc1c-45fd-98e4-0cf05fa3ff46	188.63000488	2026-04-12 08:15:43.276176
e89403e3-9bbc-4a58-8d65-68579a270a85	ab2e4ce6-a736-4027-b0ae-b233ba882db2	99.16999817	2026-04-12 08:15:44.031804
ca4886ac-bf34-40fc-a408-c52558118633	b347ffb5-16e7-4a76-aa01-9ebc296dca7b	629.85998535	2026-04-12 08:15:44.702745
d7d9e26c-60a1-4099-a4d7-7fee7fc02177	c8b6eeeb-a877-45d9-8005-cdacb31fd329	304.35998535	2026-04-12 08:15:45.379139
0eddd1eb-95e7-463a-98db-ade520e96807	dd3a7f04-94cd-43fe-8a6b-17cb10722bf5	229.44999695	2026-04-12 08:15:46.099909
d16359ad-687c-4c8f-8f98-09671c3a630b	fafaedd2-3a70-4be8-b4b5-37159a255790	260.48001099	2026-04-12 08:15:46.80032
6ca925fd-416b-42b9-b736-dbe92177c536	468e115c-9efd-4f31-a301-b7114a7f1c67	7.94399977	2026-04-12 08:15:47.506189
3ac91f44-af8a-43c9-997c-dcd7c90b1cd5	05a2f16a-df0a-434b-ba8b-5cfe791aaea4	1.14500000	2026-04-12 08:15:48.139358
332e89d8-1588-4acb-bb64-dd19fc4fa6c9	0d125a30-ebfb-4afd-bdec-d8c2af899b06	53.88000107	2026-04-12 08:15:48.845248
e4d3fc28-5cad-43cb-9b08-e7b74644e996	fafaedd2-3a70-4be8-b4b5-37159a255790	260.48001099	2026-04-12 08:19:18.571457
883db638-7c22-4398-9fc8-eeeb4e6d8d14	05a2f16a-df0a-434b-ba8b-5cfe791aaea4	1.14500000	2026-04-12 08:19:20.012942
685c5d9c-9e71-486a-8574-9a11e676005f	0d125a30-ebfb-4afd-bdec-d8c2af899b06	53.88000107	2026-04-12 08:19:20.808754
e03f03f8-f89f-4135-9379-1aaf0f5d5fdf	12a1b046-b009-463d-b04a-19e4ac69715f	238.38000488	2026-04-12 08:19:21.565971
360899e1-e625-4cbe-91be-5067b2ce224e	18ebc3fd-9550-4f1e-879b-8868f819bf50	377.29998779	2026-04-12 08:19:22.363275
07122121-80a7-41e7-8ee5-480049a7875b	28328a5a-252c-4a27-9a73-5aca097a1148	22.42000008	2026-04-12 08:19:23.123208
12d1af52-46c1-4fb4-9d7a-ebc85b130240	33a0e0e5-1154-441a-af29-aaa348855806	1463.80004883	2026-04-12 08:19:23.915432
e8406dfa-ec46-4e8b-a010-7157a65a3fe4	4098f6e8-9183-462a-84c1-715bdbb139a3	317.23999023	2026-04-12 08:19:24.633077
605bd76c-3ed3-4e27-a580-a9bd62661fcc	468e115c-9efd-4f31-a301-b7114a7f1c67	7.94399977	2026-04-12 08:19:25.433872
9bbb9c31-3f3d-49ad-a3d4-4233cbd0a03c	56d6ef01-d96d-4337-8ab1-1a4802e68b74	163.10000610	2026-04-12 08:19:26.23146
992ca684-3000-47c3-8001-516990aa8f6f	6215418d-239e-4413-ba26-e950ddd4fc66	1478.28002930	2026-04-12 08:19:27.052813
64053bd9-7d93-4c98-b6d7-df372825bdd1	693d7914-19ee-473f-b781-2abf591a2d24	348.95001221	2026-04-12 08:19:27.846724
2b171aef-39d0-49e3-bf74-94652fbbcd69	6db8ad62-2f3d-47e5-9f5b-172f72796b39	149.67999268	2026-04-12 08:19:28.75845
5c8e251a-e2eb-4b8e-a9d7-0959c2e0fa18	71ad93f3-31ce-48a8-bd55-de6f2f0a22f5	62.38000107	2026-04-12 08:19:29.546692
dd1ba504-eae7-4bd5-90d9-53e8725298d4	7cea3f1f-376a-4ef5-b9b6-6b796fb73c57	103.01000214	2026-04-12 08:19:30.309197
5d5f31a4-965d-4a00-bd30-1003db757291	87b1aac2-6693-4cf9-b1b1-46efb415f871	45.24000168	2026-04-12 08:19:31.035071
934838bc-d195-4c73-aed6-1b3d5dde1211	96ce9d82-6026-4263-8575-83c8594bc857	110.13999939	2026-04-12 08:19:31.813242
ce774058-17e1-48d7-8c64-45004ff54724	a60d62fb-5c02-4531-90dc-5e18d776eb07	370.86999512	2026-04-12 08:19:32.592287
ced819bc-8711-4bb5-98a1-823ca6971f6e	a63cc413-cc1c-45fd-98e4-0cf05fa3ff46	188.63000488	2026-04-12 08:19:33.336976
78cfe669-9024-4864-b20a-b850aed32718	ab2e4ce6-a736-4027-b0ae-b233ba882db2	99.16999817	2026-04-12 08:19:34.211288
5b011b2a-738c-46d0-ac19-c54cbd4fd8b1	b347ffb5-16e7-4a76-aa01-9ebc296dca7b	629.85998535	2026-04-12 08:19:34.940745
b46bd72c-bd7a-4813-becb-d2b9f01dbc94	c8b6eeeb-a877-45d9-8005-cdacb31fd329	304.35998535	2026-04-12 08:19:35.69709
2ac490e2-11a5-4ca9-9bca-a590547752ef	dd3a7f04-94cd-43fe-8a6b-17cb10722bf5	229.44999695	2026-04-12 08:19:36.483012
2906cc52-75e2-44fc-b45f-f5cabd448076	c8b6eeeb-a877-45d9-8005-cdacb31fd329	304.35998535	2026-04-12 08:49:18.066766
8de79af1-7fde-4dc1-918f-3d1ce9f5a112	dd3a7f04-94cd-43fe-8a6b-17cb10722bf5	229.44999695	2026-04-12 08:49:18.787523
b7c9cfab-a025-4b04-b0a0-a2e27c59a24a	fafaedd2-3a70-4be8-b4b5-37159a255790	260.48001099	2026-04-12 08:49:19.497468
05d0600c-11a7-41f8-a7b0-2d3bce8f50fc	05a2f16a-df0a-434b-ba8b-5cfe791aaea4	1.14500000	2026-04-12 08:49:20.126256
915b8db8-dac6-4476-acd1-5298ab71b707	0d125a30-ebfb-4afd-bdec-d8c2af899b06	53.88000107	2026-04-12 08:49:20.871566
a047f188-843f-4c5f-bb81-ba9bd788f67a	12a1b046-b009-463d-b04a-19e4ac69715f	238.38000488	2026-04-12 08:49:21.52845
dd5504e1-2a4f-43a6-ac19-cb089719ea80	18ebc3fd-9550-4f1e-879b-8868f819bf50	377.29998779	2026-04-12 08:49:22.899314
7e7aceae-98ba-4747-a785-ef74a81dca5d	28328a5a-252c-4a27-9a73-5aca097a1148	22.42000008	2026-04-12 08:49:23.565889
07b9ee99-9e05-4075-918d-84ae665c4530	33a0e0e5-1154-441a-af29-aaa348855806	1463.80004883	2026-04-12 08:49:24.255335
9a00b64c-1526-4794-a2fa-217f65c6a020	4098f6e8-9183-462a-84c1-715bdbb139a3	317.23999023	2026-04-12 08:49:24.917724
febf1b14-6602-4245-a3cf-1b76b7c4c374	468e115c-9efd-4f31-a301-b7114a7f1c67	7.94399977	2026-04-12 08:49:25.616018
79207c39-757f-4d5b-bcd0-9c3bca42da8c	56d6ef01-d96d-4337-8ab1-1a4802e68b74	163.10000610	2026-04-12 08:49:26.346884
1723e6b5-7c05-421e-9b36-62f474d4e844	6215418d-239e-4413-ba26-e950ddd4fc66	1478.28002930	2026-04-12 08:49:27.031705
cd0db4be-a865-4ea6-bbf1-c63d622b2b83	693d7914-19ee-473f-b781-2abf591a2d24	348.95001221	2026-04-12 08:49:27.733788
572c47d1-41fc-44ed-b525-3be6a972c393	6db8ad62-2f3d-47e5-9f5b-172f72796b39	149.67999268	2026-04-12 08:49:28.466518
bc3fbf5a-16e9-4dc2-ad97-2ccd06b5ab5d	71ad93f3-31ce-48a8-bd55-de6f2f0a22f5	62.38000107	2026-04-12 08:49:29.164776
5657ea51-4e05-44a4-af8e-b5d9dd61a791	7cea3f1f-376a-4ef5-b9b6-6b796fb73c57	103.01000214	2026-04-12 08:49:29.822556
e2287c3a-08b6-43e1-9591-ee5aa3845c46	87b1aac2-6693-4cf9-b1b1-46efb415f871	45.24000168	2026-04-12 08:49:30.482229
43581589-23c0-4e1f-a46f-50f43ba1abd0	96ce9d82-6026-4263-8575-83c8594bc857	110.13999939	2026-04-12 08:49:31.16444
f76a164b-f285-4438-809b-d3f7489ed607	a60d62fb-5c02-4531-90dc-5e18d776eb07	370.86999512	2026-04-12 08:49:31.868551
1da48c8d-2eea-497d-b8ed-e2dfa71467b8	a63cc413-cc1c-45fd-98e4-0cf05fa3ff46	188.63000488	2026-04-12 08:49:32.539443
b918a504-1f8a-4033-aeaf-da3b825e0fdc	ab2e4ce6-a736-4027-b0ae-b233ba882db2	99.16999817	2026-04-12 08:49:33.254717
7bb61e91-b582-412d-aedf-07d77d0f6207	b347ffb5-16e7-4a76-aa01-9ebc296dca7b	629.85998535	2026-04-12 08:49:33.929266
1c0541f3-4a44-40b1-a3fa-6e693e38b69f	05a2f16a-df0a-434b-ba8b-5cfe791aaea4	1.14500000	2026-04-12 19:46:23.615901
ef9c4d3e-ea46-469e-a8ed-3ca9d42308e9	0d125a30-ebfb-4afd-bdec-d8c2af899b06	53.88000107	2026-04-12 19:46:24.334262
d7c90eec-e484-48a4-b261-26703350675e	12a1b046-b009-463d-b04a-19e4ac69715f	238.38000488	2026-04-12 19:46:25.012299
fab97b50-e4a0-4990-9488-9701045041f6	18ebc3fd-9550-4f1e-879b-8868f819bf50	377.29998779	2026-04-12 19:46:25.729192
42ddf613-6b9c-48e2-aac8-0767ad640a41	28328a5a-252c-4a27-9a73-5aca097a1148	22.42000008	2026-04-12 19:46:26.402787
12b5b507-38e5-42a5-bd1d-dd984d210176	33a0e0e5-1154-441a-af29-aaa348855806	1463.80004883	2026-04-12 19:46:27.110031
1de8d96c-7fd8-4b18-889e-23eab3160348	4098f6e8-9183-462a-84c1-715bdbb139a3	317.23999023	2026-04-12 19:46:27.78662
e026781d-2ec2-4f2c-a51e-25daaff77733	468e115c-9efd-4f31-a301-b7114a7f1c67	7.94399977	2026-04-12 19:46:28.495596
a7729cdf-ef1c-40b7-98b5-072855b82a19	56d6ef01-d96d-4337-8ab1-1a4802e68b74	163.10000610	2026-04-12 19:46:29.215194
7bb0d379-67b1-4cbd-892e-69cf5ae47d6c	6215418d-239e-4413-ba26-e950ddd4fc66	1478.28002930	2026-04-12 19:46:29.941516
863797f4-0888-44ac-a733-30f10fdbdcc1	c8b6eeeb-a877-45d9-8005-cdacb31fd329	304.35998535	2026-04-12 19:46:30.646792
3eb9750c-9fdf-4271-91bd-7d4074c7ecba	693d7914-19ee-473f-b781-2abf591a2d24	348.95001221	2026-04-12 19:46:31.991885
af0df7c2-a93a-4330-88dc-420c6da21c6a	6db8ad62-2f3d-47e5-9f5b-172f72796b39	149.67999268	2026-04-12 19:46:32.754762
18906cf4-6421-4a9a-ba64-e9f357e71d8e	71ad93f3-31ce-48a8-bd55-de6f2f0a22f5	62.38000107	2026-04-12 19:46:33.467883
635f3171-25b0-4d95-8a9e-3a160d53a024	7cea3f1f-376a-4ef5-b9b6-6b796fb73c57	103.01000214	2026-04-12 19:46:34.127078
f5aea959-4e62-4f7c-8c2c-aecbe6dbac9b	87b1aac2-6693-4cf9-b1b1-46efb415f871	45.24000168	2026-04-12 19:46:34.784888
f3d11541-61d5-4d7c-a248-520dbe5f2670	96ce9d82-6026-4263-8575-83c8594bc857	110.13999939	2026-04-12 19:46:35.476276
dce6d637-73c1-4e10-a822-8a93bd5f1ea6	a60d62fb-5c02-4531-90dc-5e18d776eb07	370.86999512	2026-04-12 19:46:36.177682
43776e39-0d0f-430c-a81a-94fdb91e18f0	dd3a7f04-94cd-43fe-8a6b-17cb10722bf5	229.44999695	2026-04-12 19:46:36.864618
d0e3200e-5a66-411e-876d-b69b8ffabefe	fafaedd2-3a70-4be8-b4b5-37159a255790	260.48001099	2026-04-12 19:46:37.564842
7a81d51f-7dca-47e3-9fb1-ccd4559ad263	a63cc413-cc1c-45fd-98e4-0cf05fa3ff46	188.63000488	2026-04-12 19:46:38.286042
5c09c711-1795-4d98-81ab-7733897c3faf	ab2e4ce6-a736-4027-b0ae-b233ba882db2	99.16999817	2026-04-12 19:46:39.033939
4c005c0b-197e-4ee2-befc-6888237c9578	b347ffb5-16e7-4a76-aa01-9ebc296dca7b	629.85998535	2026-04-12 19:46:39.696054
8d2a6cc4-fdcd-42f5-8514-41fa910dce4a	c8b6eeeb-a877-45d9-8005-cdacb31fd329	304.35998535	2026-04-12 19:46:47.62176
2663da88-8d2a-422c-9ed8-2130eedba138	dd3a7f04-94cd-43fe-8a6b-17cb10722bf5	229.44999695	2026-04-12 19:46:48.421594
8fd59b3e-642b-4ca0-b05a-60bfdc69ac5f	fafaedd2-3a70-4be8-b4b5-37159a255790	260.48001099	2026-04-12 19:46:49.22771
9dd81eb0-0d25-481e-aa90-4ddcdba0abf2	05a2f16a-df0a-434b-ba8b-5cfe791aaea4	1.14500000	2026-04-12 19:46:50.666379
4a97cd30-a67e-4b6b-b8e3-e68eb4693fe7	0d125a30-ebfb-4afd-bdec-d8c2af899b06	53.88000107	2026-04-12 19:46:51.46552
a6287007-bf75-4a65-b5a2-54ae9be48bbf	12a1b046-b009-463d-b04a-19e4ac69715f	238.38000488	2026-04-12 19:46:52.169911
e1c3de14-b955-4178-9cee-41ebee1bb012	18ebc3fd-9550-4f1e-879b-8868f819bf50	377.29998779	2026-04-12 19:46:52.973178
40b8f92b-5e7f-4a09-bb6b-1911d3dd4fae	28328a5a-252c-4a27-9a73-5aca097a1148	22.42000008	2026-04-12 19:46:53.727892
5a806e3f-8f3d-4e3e-beb0-73adc38af7b6	33a0e0e5-1154-441a-af29-aaa348855806	1463.80004883	2026-04-12 19:46:54.536992
ea92b0ae-889c-4e6e-a16c-31b3066bc3a9	4098f6e8-9183-462a-84c1-715bdbb139a3	317.23999023	2026-04-12 19:46:55.25843
5628b5af-d875-4fd4-bca0-66647f545e3c	468e115c-9efd-4f31-a301-b7114a7f1c67	7.94399977	2026-04-12 19:46:56.056817
54c56f28-f298-4844-923a-4dbe67273ed0	56d6ef01-d96d-4337-8ab1-1a4802e68b74	163.10000610	2026-04-12 19:46:56.823714
c4d05e2a-a689-40a3-a26b-8ea132303425	6215418d-239e-4413-ba26-e950ddd4fc66	1478.28002930	2026-04-12 19:46:57.589938
bb8c8707-63fc-4fd9-8acd-f21337d702bc	693d7914-19ee-473f-b781-2abf591a2d24	348.95001221	2026-04-12 19:46:58.282495
48464506-80de-46b6-8e34-84d1645fd9b5	6db8ad62-2f3d-47e5-9f5b-172f72796b39	149.67999268	2026-04-12 19:46:59.182098
401ed1aa-01c8-4be6-9c60-8b7027681551	71ad93f3-31ce-48a8-bd55-de6f2f0a22f5	62.38000107	2026-04-12 19:47:00.01581
8d8ba32d-55e9-437d-9530-99180b265555	7cea3f1f-376a-4ef5-b9b6-6b796fb73c57	103.01000214	2026-04-12 19:47:00.752215
3b9557de-2700-4dc7-970a-b944f27716e5	87b1aac2-6693-4cf9-b1b1-46efb415f871	45.24000168	2026-04-12 19:47:01.484335
5c808295-c8ae-4010-b4f5-6f27b402852b	96ce9d82-6026-4263-8575-83c8594bc857	110.13999939	2026-04-12 19:47:02.268954
8d00b429-7971-4a62-a939-fd57a2c892cc	a60d62fb-5c02-4531-90dc-5e18d776eb07	370.86999512	2026-04-12 19:47:03.036637
50ea1e24-6c1b-40cb-b5e9-0798c31deb82	a63cc413-cc1c-45fd-98e4-0cf05fa3ff46	188.63000488	2026-04-12 19:47:03.804562
a343be9c-ce47-475b-9b86-dae0a36c513b	ab2e4ce6-a736-4027-b0ae-b233ba882db2	99.16999817	2026-04-12 19:47:04.686199
21353f05-053b-4676-b1dd-8c1554a043c6	b347ffb5-16e7-4a76-aa01-9ebc296dca7b	629.85998535	2026-04-12 19:47:05.454081
fa324d14-f77d-48d6-af0e-4febd231db7b	c8b6eeeb-a877-45d9-8005-cdacb31fd329	304.35998535	2026-04-12 19:49:22.66355
f4e0dbee-c59f-4668-bac2-e9cf28d0a79a	dd3a7f04-94cd-43fe-8a6b-17cb10722bf5	229.44999695	2026-04-12 19:49:23.471171
05982af6-eafd-4950-88ce-7a0cd6031991	fafaedd2-3a70-4be8-b4b5-37159a255790	260.48001099	2026-04-12 19:49:24.325374
34de826b-3172-4d1a-98e0-a4be5916d621	05a2f16a-df0a-434b-ba8b-5cfe791aaea4	1.14500000	2026-04-12 19:49:25.032026
bef9fa80-68a1-4e05-95be-3a36ce0bb86f	0d125a30-ebfb-4afd-bdec-d8c2af899b06	53.88000107	2026-04-12 19:49:25.853562
af5c270e-fe64-4f21-91fc-8f4eeb8582de	12a1b046-b009-463d-b04a-19e4ac69715f	238.38000488	2026-04-12 19:49:26.582017
0f533c9b-e1c2-4e26-8206-d9b923cf68f9	18ebc3fd-9550-4f1e-879b-8868f819bf50	377.29998779	2026-04-12 19:49:28.101937
df2b5faa-02ad-4636-b88b-be45f6a53eb9	28328a5a-252c-4a27-9a73-5aca097a1148	22.42000008	2026-04-12 19:49:28.845773
b62d8630-f955-43bf-82df-ef0d352df6fe	33a0e0e5-1154-441a-af29-aaa348855806	1463.80004883	2026-04-12 19:49:29.63893
3b65c36f-7ffb-4f46-9769-037583eaa010	4098f6e8-9183-462a-84c1-715bdbb139a3	317.23999023	2026-04-12 19:49:30.377232
b2cc12a0-e5ff-48af-a151-062894fb43b6	468e115c-9efd-4f31-a301-b7114a7f1c67	7.94399977	2026-04-12 19:49:31.165671
a66df601-2282-423f-8401-13ff7c5a0278	56d6ef01-d96d-4337-8ab1-1a4802e68b74	163.10000610	2026-04-12 19:49:31.951294
b9b4c710-d049-4fa1-8bef-132b0f04e715	6215418d-239e-4413-ba26-e950ddd4fc66	1478.28002930	2026-04-12 19:49:32.713933
474fc625-16b7-4d90-bfc7-d0a2a259f6be	693d7914-19ee-473f-b781-2abf591a2d24	348.95001221	2026-04-12 19:49:33.437519
7d41e6c0-4049-4365-af32-58579dab437e	6db8ad62-2f3d-47e5-9f5b-172f72796b39	149.67999268	2026-04-12 19:49:34.369008
e4764576-7607-4bcb-9c2d-38e6acbce454	71ad93f3-31ce-48a8-bd55-de6f2f0a22f5	62.38000107	2026-04-12 19:49:35.18667
7959ee02-c14d-43bb-8a52-7e2931d8bf87	7cea3f1f-376a-4ef5-b9b6-6b796fb73c57	103.01000214	2026-04-12 19:49:35.920624
573c4932-e31f-4fdf-a101-cc1dc1ff1033	87b1aac2-6693-4cf9-b1b1-46efb415f871	45.24000168	2026-04-12 19:49:36.626647
f899ce28-34d1-45b4-9012-0a35852b73e6	96ce9d82-6026-4263-8575-83c8594bc857	110.13999939	2026-04-12 19:49:37.416682
f809f8a8-9a91-46b8-be16-781a727bd378	a60d62fb-5c02-4531-90dc-5e18d776eb07	370.86999512	2026-04-12 19:49:38.202357
4f2b9dfb-366d-4cb5-8e69-0534f9e5f5f0	a63cc413-cc1c-45fd-98e4-0cf05fa3ff46	188.63000488	2026-04-12 19:49:38.954675
fc2341fd-f266-4a32-a95f-af380e96ae3b	ab2e4ce6-a736-4027-b0ae-b233ba882db2	99.16999817	2026-04-12 19:49:39.822028
ef252ca5-91ea-4a6c-ae74-f7b95b8e1886	b347ffb5-16e7-4a76-aa01-9ebc296dca7b	629.85998535	2026-04-12 19:49:40.532093
4f226d74-1846-4cc2-a897-dc4376a7913a	c8b6eeeb-a877-45d9-8005-cdacb31fd329	304.35998535	2026-04-12 20:19:22.016733
b9daed93-ef47-46fe-bb51-912e65444f07	dd3a7f04-94cd-43fe-8a6b-17cb10722bf5	229.44999695	2026-04-12 20:19:22.703723
4ae144e8-bb07-4ee0-99cc-f55cb2a7ae17	fafaedd2-3a70-4be8-b4b5-37159a255790	260.48001099	2026-04-12 20:19:23.396097
03cce66d-dc31-4a66-ae0c-0664ed9b3f0c	05a2f16a-df0a-434b-ba8b-5cfe791aaea4	1.14500000	2026-04-12 20:19:24.022795
d3529b50-fef5-40c5-ab0d-a1d89ff24be5	0d125a30-ebfb-4afd-bdec-d8c2af899b06	53.88000107	2026-04-12 20:19:24.721833
34d36802-37f5-45f8-884e-7bfd1f45e733	12a1b046-b009-463d-b04a-19e4ac69715f	238.38000488	2026-04-12 20:19:25.379591
168667a3-2958-4d6d-bdf1-914ee9419bb0	18ebc3fd-9550-4f1e-879b-8868f819bf50	377.29998779	2026-04-12 20:19:26.10567
23df8eb8-19cc-41e5-992d-6144901dea63	28328a5a-252c-4a27-9a73-5aca097a1148	22.42000008	2026-04-12 20:19:26.78654
9163c3ca-6e9a-48c0-b952-5e00f3b77341	33a0e0e5-1154-441a-af29-aaa348855806	1463.80004883	2026-04-12 20:19:27.48881
fb8b6103-5d2c-4697-88b3-6cae81037540	4098f6e8-9183-462a-84c1-715bdbb139a3	317.23999023	2026-04-12 20:19:28.162051
8e640dc5-cfa7-4e5e-80a9-0ab46f6f235e	468e115c-9efd-4f31-a301-b7114a7f1c67	7.94399977	2026-04-12 20:19:28.851896
7664c74b-91b5-48ce-a59a-eba5be77614a	56d6ef01-d96d-4337-8ab1-1a4802e68b74	163.10000610	2026-04-12 20:19:30.227062
20b3d488-0406-47f8-bf38-6f57a1795a90	6215418d-239e-4413-ba26-e950ddd4fc66	1478.28002930	2026-04-12 20:19:30.912954
d78ff8c0-c7c6-4ce8-8f7e-414a8ead0708	693d7914-19ee-473f-b781-2abf591a2d24	348.95001221	2026-04-12 20:19:31.5753
02a29ab3-5d8e-41b6-8889-17296487b325	6db8ad62-2f3d-47e5-9f5b-172f72796b39	149.67999268	2026-04-12 20:19:32.342846
99dfb667-72b7-4816-aef8-953b6e37e89a	71ad93f3-31ce-48a8-bd55-de6f2f0a22f5	62.38000107	2026-04-12 20:19:33.041367
deb3c1b3-db2e-412e-995d-d9ec2b53ddec	7cea3f1f-376a-4ef5-b9b6-6b796fb73c57	103.01000214	2026-04-12 20:19:33.697366
b6718763-6409-488e-9291-0243c870095f	87b1aac2-6693-4cf9-b1b1-46efb415f871	45.24000168	2026-04-12 20:19:34.356695
56ed7690-3138-44fb-9d28-f5101ef127ff	96ce9d82-6026-4263-8575-83c8594bc857	110.13999939	2026-04-12 20:19:35.04716
447b8b61-a7d1-4946-84fa-7d44075a217b	a60d62fb-5c02-4531-90dc-5e18d776eb07	370.86999512	2026-04-12 20:19:35.772747
03a2f29a-3a6e-4c93-a302-c07bcbe7797b	a63cc413-cc1c-45fd-98e4-0cf05fa3ff46	188.63000488	2026-04-12 20:19:36.458141
ee2e4280-933e-4824-b986-04cd21e35a76	ab2e4ce6-a736-4027-b0ae-b233ba882db2	99.16999817	2026-04-12 20:19:37.19562
4100083a-7294-4a1e-b0b9-72736e4442b5	b347ffb5-16e7-4a76-aa01-9ebc296dca7b	629.85998535	2026-04-12 20:19:37.854034
1eb5cec7-227f-4f45-b829-000c9d499934	c8b6eeeb-a877-45d9-8005-cdacb31fd329	304.35998535	2026-04-12 20:20:44.011532
9b47ab7a-b58b-4eba-a927-eae8b34770b2	dd3a7f04-94cd-43fe-8a6b-17cb10722bf5	229.44999695	2026-04-12 20:20:44.751588
27f7afd6-c1f1-413a-abd5-1199b73945c9	fafaedd2-3a70-4be8-b4b5-37159a255790	260.48001099	2026-04-12 20:20:45.495521
677d7dc2-8bb1-4d26-adfd-2791bc394a7a	05a2f16a-df0a-434b-ba8b-5cfe791aaea4	1.14500000	2026-04-12 20:20:46.836072
ea0917ff-de5e-45b5-84c2-8c9c9d7121ec	0d125a30-ebfb-4afd-bdec-d8c2af899b06	53.88000107	2026-04-12 20:20:47.534781
5100db94-f492-4e58-a2c3-a0759a8b2a07	12a1b046-b009-463d-b04a-19e4ac69715f	238.38000488	2026-04-12 20:20:48.193923
3686be9c-0beb-4307-a998-447fb88ce730	18ebc3fd-9550-4f1e-879b-8868f819bf50	377.29998779	2026-04-12 20:20:48.875852
c184bb50-a086-4b4d-a113-7ce95dddaa05	28328a5a-252c-4a27-9a73-5aca097a1148	22.42000008	2026-04-12 20:20:49.529612
f749a733-83b6-4e0f-9230-1f7228d11361	33a0e0e5-1154-441a-af29-aaa348855806	1463.80004883	2026-04-12 20:20:50.200141
484a5251-83d6-4c6c-8bde-4fee77ce2ae2	4098f6e8-9183-462a-84c1-715bdbb139a3	317.23999023	2026-04-12 20:20:50.87457
bdc79b39-8715-4f0a-884b-a74fbba0aae4	468e115c-9efd-4f31-a301-b7114a7f1c67	7.94399977	2026-04-12 20:20:51.549293
d3d18468-3048-4b2d-86e8-81fa2614804c	56d6ef01-d96d-4337-8ab1-1a4802e68b74	163.10000610	2026-04-12 20:20:52.241408
6fc807fb-e125-44e1-b10e-812fb4737e75	6215418d-239e-4413-ba26-e950ddd4fc66	1478.28002930	2026-04-12 20:20:52.936215
4f6f17f2-0664-4596-8d76-78292fd2f02b	693d7914-19ee-473f-b781-2abf591a2d24	348.95001221	2026-04-12 20:20:53.622386
65df52c8-8847-48c6-93bb-b3c46180a455	6db8ad62-2f3d-47e5-9f5b-172f72796b39	149.67999268	2026-04-12 20:20:54.39634
9400c008-f50c-4fae-b543-2c64de35ae7f	71ad93f3-31ce-48a8-bd55-de6f2f0a22f5	62.38000107	2026-04-12 20:20:55.111644
55fff9dc-afa2-4980-a49b-874e32b58d6d	7cea3f1f-376a-4ef5-b9b6-6b796fb73c57	103.01000214	2026-04-12 20:20:55.778588
18b448ea-6fcf-45d6-91bb-11c0473076e3	87b1aac2-6693-4cf9-b1b1-46efb415f871	45.24000168	2026-04-12 20:20:56.439094
d2536dc2-8caf-4766-9190-1e7676f6bb7e	96ce9d82-6026-4263-8575-83c8594bc857	110.13999939	2026-04-12 20:20:57.177152
4128e736-aa86-401f-afe1-848a74d91523	a60d62fb-5c02-4531-90dc-5e18d776eb07	370.86999512	2026-04-12 20:20:57.857128
36436fb0-5f07-4bf7-9d4a-72417e6e2a57	a63cc413-cc1c-45fd-98e4-0cf05fa3ff46	188.63000488	2026-04-12 20:20:58.550419
60010b3a-2046-471f-bba8-606ca63de317	ab2e4ce6-a736-4027-b0ae-b233ba882db2	99.16999817	2026-04-12 20:20:59.294931
f88740b6-8e07-45b5-bd65-38b930d53d78	b347ffb5-16e7-4a76-aa01-9ebc296dca7b	629.85998535	2026-04-12 20:20:59.961379
96e3a927-9bdb-4a74-9560-816ed3197ea5	c8b6eeeb-a877-45d9-8005-cdacb31fd329	304.35998535	2026-04-12 20:21:06.51662
23f185af-f13d-43a0-a05e-3a59c8c241b9	dd3a7f04-94cd-43fe-8a6b-17cb10722bf5	229.44999695	2026-04-12 20:21:07.241149
7a86740e-e1d0-48d2-acca-ebd3547aa501	fafaedd2-3a70-4be8-b4b5-37159a255790	260.48001099	2026-04-12 20:21:07.963252
717aa992-11e3-4a77-805a-387499f9fa8c	05a2f16a-df0a-434b-ba8b-5cfe791aaea4	1.14500000	2026-04-12 20:21:08.595965
cd6ebf34-3d99-4b61-b00d-a60afce042f1	0d125a30-ebfb-4afd-bdec-d8c2af899b06	53.88000107	2026-04-12 20:21:09.290855
e98ea1d8-31f7-474b-9246-b1fbcb4e2be4	12a1b046-b009-463d-b04a-19e4ac69715f	238.38000488	2026-04-12 20:21:09.945675
c4eab699-6e80-41b3-ab2d-cc6a1ed3fa1d	18ebc3fd-9550-4f1e-879b-8868f819bf50	377.29998779	2026-04-12 20:21:11.311343
4e588531-0b4e-4507-8b2f-1f9370ac80dc	28328a5a-252c-4a27-9a73-5aca097a1148	22.42000008	2026-04-12 20:21:11.989944
a13efe2c-fb4a-4bf6-801a-3d268f9830a7	33a0e0e5-1154-441a-af29-aaa348855806	1463.80004883	2026-04-12 20:21:12.696804
946a9979-362d-4b0c-b2fb-70516bf642d0	4098f6e8-9183-462a-84c1-715bdbb139a3	317.23999023	2026-04-12 20:21:13.35177
06475928-cd90-4458-a768-584b8a9a24d3	468e115c-9efd-4f31-a301-b7114a7f1c67	7.94399977	2026-04-12 20:21:14.046853
2d1b6291-6dfa-4f7b-af14-48eb2fcafec9	56d6ef01-d96d-4337-8ab1-1a4802e68b74	163.10000610	2026-04-12 20:21:14.730607
5f27c1bf-4c10-4e6f-9b0c-d8638add0250	6215418d-239e-4413-ba26-e950ddd4fc66	1478.28002930	2026-04-12 20:21:15.40503
2f595d9e-a9af-4e86-80d0-148ef479dbfb	693d7914-19ee-473f-b781-2abf591a2d24	348.95001221	2026-04-12 20:21:16.062323
0ba8ae65-5990-4a10-a557-99444f3c9057	6db8ad62-2f3d-47e5-9f5b-172f72796b39	149.67999268	2026-04-12 20:21:16.80759
5ffebe3d-0bda-4adb-aae1-b83120bb1dc6	71ad93f3-31ce-48a8-bd55-de6f2f0a22f5	62.38000107	2026-04-12 20:21:17.521277
86bd8442-0b92-41ca-adc5-93dbb61eea06	7cea3f1f-376a-4ef5-b9b6-6b796fb73c57	103.01000214	2026-04-12 20:21:18.195765
0ce32c12-09c7-489c-81cd-d0b9a9fc3dbc	87b1aac2-6693-4cf9-b1b1-46efb415f871	45.24000168	2026-04-12 20:21:18.870553
b8736398-7bfa-485f-aa55-fc782f955187	96ce9d82-6026-4263-8575-83c8594bc857	110.13999939	2026-04-12 20:21:19.570735
f7fe8c60-1955-405b-a712-126c103fa2c7	a60d62fb-5c02-4531-90dc-5e18d776eb07	370.86999512	2026-04-12 20:21:20.259176
cb7dce02-a5b7-4567-a11c-d7fd5a97eafb	a63cc413-cc1c-45fd-98e4-0cf05fa3ff46	188.63000488	2026-04-12 20:21:20.936916
c3c0000f-7d08-4a43-b6d2-f30576250037	ab2e4ce6-a736-4027-b0ae-b233ba882db2	99.16999817	2026-04-12 20:21:21.680373
bb3f9215-0e61-42d9-b5b9-a2147d6996ea	b347ffb5-16e7-4a76-aa01-9ebc296dca7b	629.85998535	2026-04-12 20:21:22.361688
2c1c115c-de87-4e78-a91b-ff73ab3072b3	c8b6eeeb-a877-45d9-8005-cdacb31fd329	304.35998535	2026-04-12 20:23:47.898226
3d2835c8-cbb1-43a2-bd69-0c9b674652f6	dd3a7f04-94cd-43fe-8a6b-17cb10722bf5	229.44999695	2026-04-12 20:23:48.609624
fdaca796-241f-4df0-853f-0b4129af3d12	fafaedd2-3a70-4be8-b4b5-37159a255790	260.48001099	2026-04-12 20:23:49.317595
4749c959-1f88-4744-81d3-35bda9a8e673	05a2f16a-df0a-434b-ba8b-5cfe791aaea4	1.14500000	2026-04-12 20:23:49.953657
5708ac63-bbb5-4828-88c7-4497b90dc0e0	0d125a30-ebfb-4afd-bdec-d8c2af899b06	53.88000107	2026-04-12 20:23:50.665145
6fb8fa03-e97d-4413-a383-289b714fc90b	12a1b046-b009-463d-b04a-19e4ac69715f	238.38000488	2026-04-12 20:23:51.329771
87414d6f-0584-4300-bb06-9b1c71726936	18ebc3fd-9550-4f1e-879b-8868f819bf50	377.29998779	2026-04-12 20:23:52.02337
4d9d8cae-23c9-466b-8185-da39d4b319b5	28328a5a-252c-4a27-9a73-5aca097a1148	22.42000008	2026-04-12 20:23:52.687128
709dbff1-419d-4f14-bffc-987224fa3181	33a0e0e5-1154-441a-af29-aaa348855806	1463.80004883	2026-04-12 20:23:53.385573
a1e8800f-356a-46ca-ba08-85d2c2b5048e	4098f6e8-9183-462a-84c1-715bdbb139a3	317.23999023	2026-04-12 20:23:54.038103
317efba1-0c84-4422-a2aa-d25a81d66144	468e115c-9efd-4f31-a301-b7114a7f1c67	7.94399977	2026-04-12 20:23:54.737993
0e6a873e-560f-40d4-991e-12bcba999584	56d6ef01-d96d-4337-8ab1-1a4802e68b74	163.10000610	2026-04-12 20:23:56.114769
1080ed5e-c838-4929-89a3-58a0710677e3	6215418d-239e-4413-ba26-e950ddd4fc66	1478.28002930	2026-04-12 20:23:56.79603
b56cf4d9-1e81-4b4e-b262-6e00d2cf0714	693d7914-19ee-473f-b781-2abf591a2d24	348.95001221	2026-04-12 20:23:57.45338
c3c49aa6-19dd-47a4-932f-8bf2dc47e7ed	6db8ad62-2f3d-47e5-9f5b-172f72796b39	149.67999268	2026-04-12 20:23:58.220446
a6acefdf-4a0d-41e6-931d-f719d4a28d50	71ad93f3-31ce-48a8-bd55-de6f2f0a22f5	62.38000107	2026-04-12 20:23:58.927235
9a4bc4f2-cda2-442d-a3ee-cfbb5078c41c	7cea3f1f-376a-4ef5-b9b6-6b796fb73c57	103.01000214	2026-04-12 20:23:59.589136
2f4d33ba-dd78-4edc-8875-33a8848d606a	87b1aac2-6693-4cf9-b1b1-46efb415f871	45.24000168	2026-04-12 20:24:00.249544
07e97cb7-4c0c-4b28-b8be-a5fd2521bc0f	96ce9d82-6026-4263-8575-83c8594bc857	110.13999939	2026-04-12 20:24:00.938056
727623df-9b39-44c7-99fe-8e7cb6428a47	a60d62fb-5c02-4531-90dc-5e18d776eb07	370.86999512	2026-04-12 20:24:01.620562
de0eece6-5848-49bd-b4d6-b41170d89b58	a63cc413-cc1c-45fd-98e4-0cf05fa3ff46	188.63000488	2026-04-12 20:24:02.309852
ebf2f46f-aa3c-4279-bb72-058629711303	ab2e4ce6-a736-4027-b0ae-b233ba882db2	99.16999817	2026-04-12 20:24:03.055036
1043a817-b0fb-463d-9a98-b72dd8f6666c	b347ffb5-16e7-4a76-aa01-9ebc296dca7b	629.85998535	2026-04-12 20:24:03.721291
3263e7d3-ac8c-46d6-8e4e-e66fbe62e2b9	c8b6eeeb-a877-45d9-8005-cdacb31fd329	304.35998535	2026-04-12 20:24:33.140485
f55799b7-1aa4-4b70-8d86-42b22798d767	dd3a7f04-94cd-43fe-8a6b-17cb10722bf5	229.44999695	2026-04-12 20:24:33.843225
d6a684c9-876f-427d-9fb6-52a6f6591112	fafaedd2-3a70-4be8-b4b5-37159a255790	260.48001099	2026-04-12 20:24:34.566313
bb7de4be-19f4-4c74-a6e2-88665d637ecc	05a2f16a-df0a-434b-ba8b-5cfe791aaea4	1.14500000	2026-04-12 20:24:35.876101
0ef89e3a-64ae-4117-a051-19d13f56bf62	0d125a30-ebfb-4afd-bdec-d8c2af899b06	53.88000107	2026-04-12 20:24:36.618048
1efccdb3-0d7e-4cdf-ae5a-9bf885f91bf8	12a1b046-b009-463d-b04a-19e4ac69715f	238.38000488	2026-04-12 20:24:37.289978
e8d437df-5b77-48fa-a569-fc5ffab5c07f	18ebc3fd-9550-4f1e-879b-8868f819bf50	377.29998779	2026-04-12 20:24:37.957773
fbdbf1ce-4a6e-40aa-9492-52a023f05294	28328a5a-252c-4a27-9a73-5aca097a1148	22.42000008	2026-04-12 20:24:38.626057
c09e5030-2582-42a0-bc4a-fd4a20138d00	33a0e0e5-1154-441a-af29-aaa348855806	1463.80004883	2026-04-12 20:24:39.322719
b3a06ebe-17d5-4eb5-9370-8123b52cf7ba	4098f6e8-9183-462a-84c1-715bdbb139a3	317.23999023	2026-04-12 20:24:39.982743
8ee9c9ab-3bf1-4f0f-9471-c8c481548a5b	468e115c-9efd-4f31-a301-b7114a7f1c67	7.94399977	2026-04-12 20:24:40.679553
084c1345-751e-4af7-9dd1-2162f43bbbfe	56d6ef01-d96d-4337-8ab1-1a4802e68b74	163.10000610	2026-04-12 20:24:41.369044
5da6eae9-c9b5-4e37-8c4e-0ab9d507f093	6215418d-239e-4413-ba26-e950ddd4fc66	1478.28002930	2026-04-12 20:24:42.052903
99cdf96b-a5b6-4c18-9840-4856498d9df1	693d7914-19ee-473f-b781-2abf591a2d24	348.95001221	2026-04-12 20:24:42.71636
8fd36d5c-4f9d-4693-ac27-b65e68a36794	6db8ad62-2f3d-47e5-9f5b-172f72796b39	149.67999268	2026-04-12 20:24:43.497851
9b9a3826-9713-4f38-ace1-9c5947faf6bf	71ad93f3-31ce-48a8-bd55-de6f2f0a22f5	62.38000107	2026-04-12 20:24:44.201657
bcb4a551-4523-4388-8aac-43667d8251dc	7cea3f1f-376a-4ef5-b9b6-6b796fb73c57	103.01000214	2026-04-12 20:24:44.850408
aef966b7-7714-4b8f-9f6b-34a59a51bebf	87b1aac2-6693-4cf9-b1b1-46efb415f871	45.24000168	2026-04-12 20:24:45.565082
6e204b4e-9089-463a-ab4b-9a4b71174f03	96ce9d82-6026-4263-8575-83c8594bc857	110.13999939	2026-04-12 20:24:46.269487
2abae32b-0c15-41bf-8adb-def977846278	a60d62fb-5c02-4531-90dc-5e18d776eb07	370.86999512	2026-04-12 20:24:46.983034
62f771c0-d11b-4ab2-bce5-30b918448476	a63cc413-cc1c-45fd-98e4-0cf05fa3ff46	188.63000488	2026-04-12 20:24:47.657944
868714f4-96a8-4a7c-ae8d-c0e13dcf6fbb	ab2e4ce6-a736-4027-b0ae-b233ba882db2	99.16999817	2026-04-12 20:24:48.36547
e901e51e-b632-403c-abb7-e1ef53eaa1e5	b347ffb5-16e7-4a76-aa01-9ebc296dca7b	629.85998535	2026-04-12 20:24:49.045303
b2761623-a9ce-42c6-a04a-2332218a8459	c8b6eeeb-a877-45d9-8005-cdacb31fd329	304.35998535	2026-04-12 20:25:41.029203
24bc9d8c-ea2a-49ad-aeb5-49a3dac05238	dd3a7f04-94cd-43fe-8a6b-17cb10722bf5	229.44999695	2026-04-12 20:25:41.708711
cbc2229a-62a3-4f5f-b20c-ac505094a2d3	fafaedd2-3a70-4be8-b4b5-37159a255790	260.48001099	2026-04-12 20:25:42.414103
cd5d87dc-ffa6-493f-a879-88b68babaea7	05a2f16a-df0a-434b-ba8b-5cfe791aaea4	1.14500000	2026-04-12 20:25:43.05559
51240c16-ef99-41fc-b182-d782f022f958	0d125a30-ebfb-4afd-bdec-d8c2af899b06	53.88000107	2026-04-12 20:25:43.758788
eb391b46-7c53-452d-bffa-21699b75ab8b	12a1b046-b009-463d-b04a-19e4ac69715f	238.38000488	2026-04-12 20:25:44.421643
5e102c33-3d12-41c1-b2db-dd7517b6aa37	18ebc3fd-9550-4f1e-879b-8868f819bf50	377.29998779	2026-04-12 20:25:45.814265
6fbcf248-0cc9-4461-8c78-446a4dc42be1	28328a5a-252c-4a27-9a73-5aca097a1148	22.42000008	2026-04-12 20:25:46.485638
8bf83911-94cb-4a66-ba63-6e5a4b13ec1f	33a0e0e5-1154-441a-af29-aaa348855806	1463.80004883	2026-04-12 20:25:47.168606
c7747819-482b-4d84-8a77-c4e8e56223b2	4098f6e8-9183-462a-84c1-715bdbb139a3	317.23999023	2026-04-12 20:25:47.828338
21444b0f-8adf-4f16-ad6a-9fa517e90883	468e115c-9efd-4f31-a301-b7114a7f1c67	7.94399977	2026-04-12 20:25:48.518579
2f287191-6f71-4b54-aa95-fdeb39b9c2e0	56d6ef01-d96d-4337-8ab1-1a4802e68b74	163.10000610	2026-04-12 20:25:49.240641
e11b2632-d3ae-4534-b924-1919a20e0e5e	6215418d-239e-4413-ba26-e950ddd4fc66	1478.28002930	2026-04-12 20:25:49.926838
d33d8472-6e1c-432a-837c-61b628aac398	693d7914-19ee-473f-b781-2abf591a2d24	348.95001221	2026-04-12 20:25:50.598494
8205b903-7a36-4318-87bf-23fa14f8bc67	6db8ad62-2f3d-47e5-9f5b-172f72796b39	149.67999268	2026-04-12 20:25:51.338555
d6f19811-c78d-46db-be87-118ac2d1af41	71ad93f3-31ce-48a8-bd55-de6f2f0a22f5	62.38000107	2026-04-12 20:25:52.031903
84240ef3-030c-4304-9c96-a1275c43b140	7cea3f1f-376a-4ef5-b9b6-6b796fb73c57	103.01000214	2026-04-12 20:25:52.693716
c4539701-cdfe-448d-aded-2617d73bc799	87b1aac2-6693-4cf9-b1b1-46efb415f871	45.24000168	2026-04-12 20:25:53.338868
941efd2e-6611-4fe4-b6a7-e696145e24f7	96ce9d82-6026-4263-8575-83c8594bc857	110.13999939	2026-04-12 20:25:54.026886
993e2a50-53e7-4167-8bf7-3908e24e86c7	a60d62fb-5c02-4531-90dc-5e18d776eb07	370.86999512	2026-04-12 20:25:54.697384
fb30cd86-3664-4d44-9d18-0a5905f9cb0b	a63cc413-cc1c-45fd-98e4-0cf05fa3ff46	188.63000488	2026-04-12 20:25:55.371053
a785416a-3260-4f91-95d8-f53b075e7b03	ab2e4ce6-a736-4027-b0ae-b233ba882db2	99.16999817	2026-04-12 20:25:56.12326
c877b727-a45f-4816-a99a-6a65231b4059	b347ffb5-16e7-4a76-aa01-9ebc296dca7b	629.85998535	2026-04-12 20:25:56.80817
95478509-bf49-4159-8b9d-80e3fde9ca73	c8b6eeeb-a877-45d9-8005-cdacb31fd329	304.35998535	2026-04-12 20:25:58.420158
2b8a9a5e-ddbc-45d9-ba7c-bd2ab2b8270e	dd3a7f04-94cd-43fe-8a6b-17cb10722bf5	229.44999695	2026-04-12 20:25:59.119622
bc2129d7-a5fb-4b7e-93a9-2542419c221f	fafaedd2-3a70-4be8-b4b5-37159a255790	260.48001099	2026-04-12 20:25:59.836746
a3f3a2cf-e351-4aed-9ce9-dc14d4fd6960	05a2f16a-df0a-434b-ba8b-5cfe791aaea4	1.14500000	2026-04-12 20:26:00.478313
ef98d511-1c0b-4403-8a37-6d68540f1d88	0d125a30-ebfb-4afd-bdec-d8c2af899b06	53.88000107	2026-04-12 20:26:01.453476
4492c7ff-d317-43a6-a316-65e768097b3a	12a1b046-b009-463d-b04a-19e4ac69715f	238.38000488	2026-04-12 20:26:02.115367
dcfa2517-045f-462e-b90f-e675d4d58866	18ebc3fd-9550-4f1e-879b-8868f819bf50	377.29998779	2026-04-12 20:26:02.817355
5090fd5a-9df8-4e48-95fb-7acbf69db444	28328a5a-252c-4a27-9a73-5aca097a1148	22.42000008	2026-04-12 20:26:03.479801
8a8979f8-292b-4161-967f-e6bd45495453	33a0e0e5-1154-441a-af29-aaa348855806	1463.80004883	2026-04-12 20:26:04.210721
7fce5df0-f41f-410d-b580-b855b83676c5	4098f6e8-9183-462a-84c1-715bdbb139a3	317.23999023	2026-04-12 20:26:04.878707
e1b8c073-062b-41b4-9edc-1826b4f42813	468e115c-9efd-4f31-a301-b7114a7f1c67	7.94399977	2026-04-12 20:26:05.568773
b360cfde-0896-41b9-8c95-efd967423194	56d6ef01-d96d-4337-8ab1-1a4802e68b74	163.10000610	2026-04-12 20:26:06.940892
c01bf1ca-be14-407a-aa9d-d84681ce1063	6215418d-239e-4413-ba26-e950ddd4fc66	1478.28002930	2026-04-12 20:26:07.622394
63a445b6-b8e0-4f22-91e3-9ba5ff930eb2	693d7914-19ee-473f-b781-2abf591a2d24	348.95001221	2026-04-12 20:26:08.280129
d30dc0bb-e3e1-499d-846e-cfdea4834e11	6db8ad62-2f3d-47e5-9f5b-172f72796b39	149.67999268	2026-04-12 20:26:09.025174
be0f9c99-32ca-43a5-9734-3e53005f3d07	71ad93f3-31ce-48a8-bd55-de6f2f0a22f5	62.38000107	2026-04-12 20:26:09.705735
13ea5db0-aced-4f9e-b98d-c4651cd44b9f	7cea3f1f-376a-4ef5-b9b6-6b796fb73c57	103.01000214	2026-04-12 20:26:10.364883
ad278501-6f3e-4baf-8362-d803410a70ae	87b1aac2-6693-4cf9-b1b1-46efb415f871	45.24000168	2026-04-12 20:26:11.031468
574ce95a-1ce1-4467-8179-d03985af7487	96ce9d82-6026-4263-8575-83c8594bc857	110.13999939	2026-04-12 20:26:11.719565
517b18a6-703a-45d7-b8cc-53c1989ef656	a60d62fb-5c02-4531-90dc-5e18d776eb07	370.86999512	2026-04-12 20:26:12.414302
8073a7f3-5858-4d23-8ed6-6b2ea279bfcd	a63cc413-cc1c-45fd-98e4-0cf05fa3ff46	188.63000488	2026-04-12 20:26:13.086165
c0c4de2e-89db-4e2f-9ce9-9815bff3a6e9	ab2e4ce6-a736-4027-b0ae-b233ba882db2	99.16999817	2026-04-12 20:26:13.803684
fcf757d2-812a-4f1a-84d3-ca2b1e016784	b347ffb5-16e7-4a76-aa01-9ebc296dca7b	629.85998535	2026-04-12 20:26:14.47114
1a9ce238-bba0-4d70-a77f-2176dfe44123	c8b6eeeb-a877-45d9-8005-cdacb31fd329	304.35998535	2026-04-12 20:27:32.177729
f4c764fd-2adb-4f20-9bf0-67af92ccb7c1	dd3a7f04-94cd-43fe-8a6b-17cb10722bf5	229.44999695	2026-04-12 20:27:32.89251
e7b1c3f2-8d7b-4b11-8414-ad738b9ca8dc	fafaedd2-3a70-4be8-b4b5-37159a255790	260.48001099	2026-04-12 20:27:33.614091
cad669d5-4524-41d8-aa58-395921bbac63	05a2f16a-df0a-434b-ba8b-5cfe791aaea4	1.14500000	2026-04-12 20:27:34.957292
22efdf81-1ca2-4c95-b7a4-7e3120e91974	0d125a30-ebfb-4afd-bdec-d8c2af899b06	53.88000107	2026-04-12 20:27:35.647007
8c30ca82-c905-447d-a76b-53c3fd717b07	12a1b046-b009-463d-b04a-19e4ac69715f	238.38000488	2026-04-12 20:27:36.318703
c4a9cef8-28eb-4652-8d04-b3b8d768d1e7	18ebc3fd-9550-4f1e-879b-8868f819bf50	377.29998779	2026-04-12 20:27:37.021444
fcd349ea-eab1-4f3a-9888-73003bd4ded5	28328a5a-252c-4a27-9a73-5aca097a1148	22.42000008	2026-04-12 20:27:37.701363
6bbd622c-b6d7-4863-b2cf-26c40e226048	33a0e0e5-1154-441a-af29-aaa348855806	1463.80004883	2026-04-12 20:27:38.395056
17c04c08-a7d9-4070-8df4-10cfa8968bba	4098f6e8-9183-462a-84c1-715bdbb139a3	317.23999023	2026-04-12 20:27:39.075466
91d6efe2-8768-4729-87ab-09e0e2ffdbf7	468e115c-9efd-4f31-a301-b7114a7f1c67	7.94399977	2026-04-12 20:27:39.803425
c64238b5-958e-4fae-983d-0dfe3e5c8c8a	56d6ef01-d96d-4337-8ab1-1a4802e68b74	163.10000610	2026-04-12 20:27:40.501961
4cabd513-97a0-4bf7-88b4-c388d30031f4	6215418d-239e-4413-ba26-e950ddd4fc66	1478.28002930	2026-04-12 20:27:41.183993
10ec2ee3-66c6-46c4-af52-3864af2c89ba	693d7914-19ee-473f-b781-2abf591a2d24	348.95001221	2026-04-12 20:27:41.840945
90878e4b-b22d-4560-987e-f29cd44b1303	6db8ad62-2f3d-47e5-9f5b-172f72796b39	149.67999268	2026-04-12 20:27:42.596355
34861984-7638-4b60-9915-b9c4b0f08b1a	71ad93f3-31ce-48a8-bd55-de6f2f0a22f5	62.38000107	2026-04-12 20:27:43.290956
99ee067e-8d70-45e1-a7c9-b71824e4c10f	7cea3f1f-376a-4ef5-b9b6-6b796fb73c57	103.01000214	2026-04-12 20:27:43.952765
01489d3c-1be2-48c1-98b9-e9d9b4df51b7	87b1aac2-6693-4cf9-b1b1-46efb415f871	45.24000168	2026-04-12 20:27:44.610777
d50e4460-b540-4d7b-b591-06aef5314afe	96ce9d82-6026-4263-8575-83c8594bc857	110.13999939	2026-04-12 20:27:45.304694
bbf23714-cc38-4e81-9426-b39691736f67	a60d62fb-5c02-4531-90dc-5e18d776eb07	370.86999512	2026-04-12 20:27:45.99126
0ebcf784-dd7f-49d4-aaa4-760d8b7fd09b	a63cc413-cc1c-45fd-98e4-0cf05fa3ff46	188.63000488	2026-04-12 20:27:46.686417
8ddccf57-5c82-42d3-8e65-9077690b8e44	ab2e4ce6-a736-4027-b0ae-b233ba882db2	99.16999817	2026-04-12 20:27:47.420922
31f20f6a-392a-4d5e-af9c-b17b56195842	b347ffb5-16e7-4a76-aa01-9ebc296dca7b	629.85998535	2026-04-12 20:27:48.132173
a76cc915-70e7-470f-8842-3f8cfe03d682	c8b6eeeb-a877-45d9-8005-cdacb31fd329	304.35998535	2026-04-12 20:27:57.15596
bcbe857f-c415-45f2-bcad-3a55273ff1b5	dd3a7f04-94cd-43fe-8a6b-17cb10722bf5	229.44999695	2026-04-12 20:27:57.879569
581a45b6-c9e7-43c5-ab0d-516e21f40f84	fafaedd2-3a70-4be8-b4b5-37159a255790	260.48001099	2026-04-12 20:27:58.602542
dc631f9b-41e6-436a-bf76-54952d8453bd	05a2f16a-df0a-434b-ba8b-5cfe791aaea4	1.14500000	2026-04-12 20:27:59.22992
a2fbf993-39ad-4692-b632-e1fe440ac556	0d125a30-ebfb-4afd-bdec-d8c2af899b06	53.88000107	2026-04-12 20:27:59.971273
161d8ef3-0000-403f-90b5-6b25647c60df	12a1b046-b009-463d-b04a-19e4ac69715f	238.38000488	2026-04-12 20:28:00.617007
be8cb9fb-0cde-4e16-9aed-a764ca6588dc	18ebc3fd-9550-4f1e-879b-8868f819bf50	377.29998779	2026-04-12 20:28:02.011566
503e1ac6-c5da-4c94-8c9e-b800d65995bf	28328a5a-252c-4a27-9a73-5aca097a1148	22.42000008	2026-04-12 20:28:02.747107
1a980ed8-c98d-4d3c-a65c-96be2cc1fc06	33a0e0e5-1154-441a-af29-aaa348855806	1463.80004883	2026-04-12 20:28:03.430933
9b57d7e9-f876-4860-8923-b5bc907ef89d	4098f6e8-9183-462a-84c1-715bdbb139a3	317.23999023	2026-04-12 20:28:04.099148
e5a64a57-6bdd-440e-9ef6-a11c4b77d40f	468e115c-9efd-4f31-a301-b7114a7f1c67	7.94399977	2026-04-12 20:28:04.795114
9e1ccbfa-4b97-49c5-a010-f7d3528dab8e	56d6ef01-d96d-4337-8ab1-1a4802e68b74	163.10000610	2026-04-12 20:28:05.501795
69447f22-81ab-4c25-9574-47222f4e490b	6215418d-239e-4413-ba26-e950ddd4fc66	1478.28002930	2026-04-12 20:28:06.192066
54482990-0382-492a-a375-d9fc98e0a760	693d7914-19ee-473f-b781-2abf591a2d24	348.95001221	2026-04-12 20:28:06.85541
a96f84b7-8cce-423d-b53f-78fdca9cd88b	6db8ad62-2f3d-47e5-9f5b-172f72796b39	149.67999268	2026-04-12 20:28:07.588023
c443aa72-cd57-4baf-b0db-ce5f0339b844	71ad93f3-31ce-48a8-bd55-de6f2f0a22f5	62.38000107	2026-04-12 20:28:08.287833
cc66c15a-1e3d-4947-a955-daa3b368cb10	7cea3f1f-376a-4ef5-b9b6-6b796fb73c57	103.01000214	2026-04-12 20:28:08.950082
45ccff6f-939c-49ba-974d-2f003c4b1449	87b1aac2-6693-4cf9-b1b1-46efb415f871	45.24000168	2026-04-12 20:28:09.611477
41de0d0e-e532-4b10-b70c-ff7d2950df60	96ce9d82-6026-4263-8575-83c8594bc857	110.13999939	2026-04-12 20:28:10.27928
6d5356d5-7fec-4b8c-a974-7ff00392f9c6	a60d62fb-5c02-4531-90dc-5e18d776eb07	370.86999512	2026-04-12 20:28:10.967819
f7342d9a-ba7f-4b66-adfe-657fe8b59d02	a63cc413-cc1c-45fd-98e4-0cf05fa3ff46	188.63000488	2026-04-12 20:28:11.642383
d15899e4-ff55-4c27-a983-322b1d44f8a8	ab2e4ce6-a736-4027-b0ae-b233ba882db2	99.16999817	2026-04-12 20:28:12.364095
10c42864-f09b-4cb1-9129-ca1837e79d24	b347ffb5-16e7-4a76-aa01-9ebc296dca7b	629.85998535	2026-04-12 20:28:13.044484
b6c5b66a-b456-44ab-8e3c-c6aec1addef5	c8b6eeeb-a877-45d9-8005-cdacb31fd329	304.35998535	2026-04-12 20:29:09.289183
5f8ae3cf-58ef-4a75-9603-4889f022ab09	dd3a7f04-94cd-43fe-8a6b-17cb10722bf5	229.44999695	2026-04-12 20:29:09.994065
042bdb3b-74a6-4389-b1af-9bde0aa223db	fafaedd2-3a70-4be8-b4b5-37159a255790	260.48001099	2026-04-12 20:29:10.707875
e75af433-31a9-4897-bb0f-d5718f4f40c9	05a2f16a-df0a-434b-ba8b-5cfe791aaea4	1.14500000	2026-04-12 20:29:11.341094
b238bf89-cf4e-4367-9c12-c0212ae7d7f8	0d125a30-ebfb-4afd-bdec-d8c2af899b06	53.88000107	2026-04-12 20:29:12.058322
e22b12f8-5328-42cc-af62-7bd5ae9b6c0e	12a1b046-b009-463d-b04a-19e4ac69715f	238.38000488	2026-04-12 20:29:12.721912
dafa7da0-8d29-49d6-a8d3-dc642458dda4	18ebc3fd-9550-4f1e-879b-8868f819bf50	377.29998779	2026-04-12 20:29:13.435274
56878a34-b75e-4f47-b11c-fe494cffda30	28328a5a-252c-4a27-9a73-5aca097a1148	22.42000008	2026-04-12 20:29:14.145764
f3d88367-6ea0-4fd1-806c-86ba1fad8815	33a0e0e5-1154-441a-af29-aaa348855806	1463.80004883	2026-04-12 20:29:14.846094
eccf4066-05cc-422f-ac9a-ca46346d8755	4098f6e8-9183-462a-84c1-715bdbb139a3	317.23999023	2026-04-12 20:29:15.516157
9a97686a-430a-43b2-9a72-e7f460a80593	468e115c-9efd-4f31-a301-b7114a7f1c67	7.94399977	2026-04-12 20:29:16.212257
6a16f10b-cc43-47a4-85fc-b748dec30492	56d6ef01-d96d-4337-8ab1-1a4802e68b74	163.10000610	2026-04-12 20:29:17.577581
8d4e6ce5-cc5a-4ef0-acea-8f948350b14c	6215418d-239e-4413-ba26-e950ddd4fc66	1478.28002930	2026-04-12 20:29:18.267315
73ecade1-a877-42f4-9027-7b3413fdb166	693d7914-19ee-473f-b781-2abf591a2d24	348.95001221	2026-04-12 20:29:18.932042
49e53fba-37b2-4299-ac97-f3c15f13c183	6db8ad62-2f3d-47e5-9f5b-172f72796b39	149.67999268	2026-04-12 20:29:19.71719
1f94e51c-bb01-4ae8-869e-fd6f07751baa	71ad93f3-31ce-48a8-bd55-de6f2f0a22f5	62.38000107	2026-04-12 20:29:20.42337
a8c39f9b-3252-4c11-a8f5-2cb4e90642aa	7cea3f1f-376a-4ef5-b9b6-6b796fb73c57	103.01000214	2026-04-12 20:29:21.095583
2b721db4-7dba-444d-9f2f-e078874acd02	87b1aac2-6693-4cf9-b1b1-46efb415f871	45.24000168	2026-04-12 20:29:21.761233
54081380-582e-4a68-bc8d-d11331069682	96ce9d82-6026-4263-8575-83c8594bc857	110.13999939	2026-04-12 20:29:22.453073
6f649ea0-703c-4ff4-acd0-0fd1c1f1e76c	a60d62fb-5c02-4531-90dc-5e18d776eb07	370.86999512	2026-04-12 20:29:23.145873
c79dba1d-c255-40a7-af8a-22b96ad840ef	a63cc413-cc1c-45fd-98e4-0cf05fa3ff46	188.63000488	2026-04-12 20:29:23.830305
f1b2f605-0ee3-4e25-a0a3-f923853a38ae	ab2e4ce6-a736-4027-b0ae-b233ba882db2	99.16999817	2026-04-12 20:29:24.59787
cf2eb6f5-5080-4a23-bbcd-fc2457d54d91	b347ffb5-16e7-4a76-aa01-9ebc296dca7b	629.85998535	2026-04-12 20:29:25.269455
05a9f71b-528a-496d-8812-11685d4355ac	c8b6eeeb-a877-45d9-8005-cdacb31fd329	304.35998535	2026-04-12 20:29:58.570031
46aff94d-3e89-44cd-bfa4-561a067e57af	dd3a7f04-94cd-43fe-8a6b-17cb10722bf5	229.44999695	2026-04-12 20:29:59.27827
8ef4464f-cd04-447a-9be5-930d32eb433b	fafaedd2-3a70-4be8-b4b5-37159a255790	260.48001099	2026-04-12 20:30:00.000108
d57f5671-7fed-4afd-95b0-ddc7566d209c	05a2f16a-df0a-434b-ba8b-5cfe791aaea4	1.14500000	2026-04-12 20:30:01.310937
6e1c94a3-fd92-4d0c-85b8-7c9883001f1b	0d125a30-ebfb-4afd-bdec-d8c2af899b06	53.88000107	2026-04-12 20:30:02.026543
6b6b512b-a004-4f1b-90d1-32aeaf396560	12a1b046-b009-463d-b04a-19e4ac69715f	238.38000488	2026-04-12 20:30:02.703873
7d1b3b1c-9276-4e43-9401-f8d5d926ce53	18ebc3fd-9550-4f1e-879b-8868f819bf50	377.29998779	2026-04-12 20:30:03.423355
cb24fca5-70be-451a-9897-1d1c191e7651	28328a5a-252c-4a27-9a73-5aca097a1148	22.42000008	2026-04-12 20:30:04.101682
588294aa-0b48-4100-a412-f67aa0e6806f	33a0e0e5-1154-441a-af29-aaa348855806	1463.80004883	2026-04-12 20:30:04.78455
1a0d582c-77b1-432a-9f75-64a557dc08c4	4098f6e8-9183-462a-84c1-715bdbb139a3	317.23999023	2026-04-12 20:30:05.446197
8c73ea58-1115-4ff1-bcba-e53f2ef81f2c	468e115c-9efd-4f31-a301-b7114a7f1c67	7.94399977	2026-04-12 20:30:06.139123
3e495ae8-5017-46be-becf-3d7329ca400a	56d6ef01-d96d-4337-8ab1-1a4802e68b74	163.10000610	2026-04-12 20:30:06.830059
387311c5-7f5f-4c5e-a495-2476a4665ea8	6215418d-239e-4413-ba26-e950ddd4fc66	1478.28002930	2026-04-12 20:30:07.522203
0e71f4a3-788d-4534-b00b-e14dfffc9239	693d7914-19ee-473f-b781-2abf591a2d24	348.95001221	2026-04-12 20:30:08.190483
af2cf3dc-0d92-4cea-aba5-c411e4c9fb0e	6db8ad62-2f3d-47e5-9f5b-172f72796b39	149.67999268	2026-04-12 20:30:08.934073
24760c06-0304-477b-8465-addf8a7d1185	71ad93f3-31ce-48a8-bd55-de6f2f0a22f5	62.38000107	2026-04-12 20:30:09.63392
9df19e0f-90ba-4417-8da3-4e463cec8f5e	7cea3f1f-376a-4ef5-b9b6-6b796fb73c57	103.01000214	2026-04-12 20:30:10.300874
08faf5c6-5727-46bd-8aed-4a2a3852145e	87b1aac2-6693-4cf9-b1b1-46efb415f871	45.24000168	2026-04-12 20:30:10.963072
041c2f16-30b4-4262-8247-bf2fe6c47eb3	96ce9d82-6026-4263-8575-83c8594bc857	110.13999939	2026-04-12 20:30:11.66264
908d7915-4309-4fc4-ad45-2cff337cba27	a60d62fb-5c02-4531-90dc-5e18d776eb07	370.86999512	2026-04-12 20:30:12.3674
7de0d54e-fe8b-4de4-836a-5da64cea5d01	a63cc413-cc1c-45fd-98e4-0cf05fa3ff46	188.63000488	2026-04-12 20:30:13.037166
5b603516-a25a-40aa-a150-56b42fb46a6d	ab2e4ce6-a736-4027-b0ae-b233ba882db2	99.16999817	2026-04-12 20:30:13.754992
1267eb59-88e5-4ce6-9de8-f56e04ba9f03	b347ffb5-16e7-4a76-aa01-9ebc296dca7b	629.85998535	2026-04-12 20:30:14.418816
10c73f72-2ca3-4976-9283-416f76d8bd55	c70afc82-67cf-43c0-a6d7-987d60fcf574	137.80000305	2026-04-12 20:32:56.051489
1c31ed1f-3490-4d74-b47f-a49010209f8a	c8b6eeeb-a877-45d9-8005-cdacb31fd329	304.35998535	2026-04-12 20:40:13.968998
187c06f2-aac6-4663-a85c-7b5434608a90	dd3a7f04-94cd-43fe-8a6b-17cb10722bf5	229.44999695	2026-04-12 20:40:14.70116
0499e03e-aac5-4d16-9196-ce7c6ef1a571	fafaedd2-3a70-4be8-b4b5-37159a255790	260.48001099	2026-04-12 20:40:15.4222
e45ee1fe-834a-4958-9dac-7239608ec160	c70afc82-67cf-43c0-a6d7-987d60fcf574	137.80000305	2026-04-12 20:40:16.123215
ed3c8f84-cc3c-4aad-a325-c103e2d17487	05a2f16a-df0a-434b-ba8b-5cfe791aaea4	1.14500000	2026-04-12 20:40:16.757994
cb5cc688-dc06-43e8-a67f-6d2e5f082016	0d125a30-ebfb-4afd-bdec-d8c2af899b06	53.88000107	2026-04-12 20:40:17.472082
741ac869-5856-49e2-b1ca-8e1d05af70b8	12a1b046-b009-463d-b04a-19e4ac69715f	238.38000488	2026-04-12 20:40:18.144985
80c5f8e4-200a-4a33-83d5-883523f35158	18ebc3fd-9550-4f1e-879b-8868f819bf50	377.29998779	2026-04-12 20:40:19.517073
4d2d61f1-85f4-4452-b5e4-c5241df23af0	28328a5a-252c-4a27-9a73-5aca097a1148	22.42000008	2026-04-12 20:40:20.183836
ce6a02ed-adda-44e4-8a74-df90f7185879	33a0e0e5-1154-441a-af29-aaa348855806	1463.80004883	2026-04-12 20:40:20.879962
69520249-440f-42fc-8197-43a5cf0a7aa7	4098f6e8-9183-462a-84c1-715bdbb139a3	317.23999023	2026-04-12 20:40:21.558863
126703b2-a45b-4dfe-9d67-c018eec5719a	468e115c-9efd-4f31-a301-b7114a7f1c67	7.94399977	2026-04-12 20:40:22.240984
145c7f0f-7641-4321-a184-efbdec28345c	56d6ef01-d96d-4337-8ab1-1a4802e68b74	163.10000610	2026-04-12 20:40:22.914238
e34610a1-78ba-4091-8a1c-ab6dbb47ec99	6215418d-239e-4413-ba26-e950ddd4fc66	1478.28002930	2026-04-12 20:40:23.576655
1d498b7e-549e-4d15-8925-1cbaffc941f5	693d7914-19ee-473f-b781-2abf591a2d24	348.95001221	2026-04-12 20:40:24.269347
1ec207f2-a6ef-4259-b9a6-cc878407b7a1	6db8ad62-2f3d-47e5-9f5b-172f72796b39	149.67999268	2026-04-12 20:40:25.016648
c5e7abd8-ac73-414c-b30b-29bc2aa612a0	71ad93f3-31ce-48a8-bd55-de6f2f0a22f5	62.38000107	2026-04-12 20:40:25.725636
eb31eed8-24ab-48b3-ba2b-f497e468bb25	7cea3f1f-376a-4ef5-b9b6-6b796fb73c57	103.01000214	2026-04-12 20:40:26.387375
06899141-69c6-42ea-9a93-7203bea0e19f	87b1aac2-6693-4cf9-b1b1-46efb415f871	45.24000168	2026-04-12 20:40:27.049528
23807989-b01f-4fc2-884f-7474f588f3a1	96ce9d82-6026-4263-8575-83c8594bc857	110.13999939	2026-04-12 20:40:27.754274
a4fe9d51-c748-4af6-8d5f-5cfe7aa212cb	a60d62fb-5c02-4531-90dc-5e18d776eb07	370.86999512	2026-04-12 20:40:28.427558
1cbf97a8-1a5f-4a7a-bf87-9c53e6419537	a63cc413-cc1c-45fd-98e4-0cf05fa3ff46	188.63000488	2026-04-12 20:40:29.099391
e234564c-4cd7-4400-aa04-ebdb871500c5	ab2e4ce6-a736-4027-b0ae-b233ba882db2	99.16999817	2026-04-12 20:40:29.830298
04cafd0c-98f5-450d-9216-443c3b536cc8	b347ffb5-16e7-4a76-aa01-9ebc296dca7b	629.85998535	2026-04-12 20:40:30.507188
64d26f5b-3b83-4995-8959-3ca7c41cc0e7	c70afc82-67cf-43c0-a6d7-987d60fcf574	137.80000305	2026-04-12 20:40:32.166367
d80a80f3-17e1-4b56-bdc8-3c5137448257	c8b6eeeb-a877-45d9-8005-cdacb31fd329	304.35998535	2026-04-12 20:40:32.844687
69be2d21-a8db-4d9e-92e2-b0835e6b3120	dd3a7f04-94cd-43fe-8a6b-17cb10722bf5	229.44999695	2026-04-12 20:40:33.522231
59269aa4-7b8d-4553-a056-c8199f8dd9f7	05a2f16a-df0a-434b-ba8b-5cfe791aaea4	1.14500000	2026-04-12 20:40:34.151958
c20f9900-ada2-44df-b57f-156b59dcea4f	0d125a30-ebfb-4afd-bdec-d8c2af899b06	53.88000107	2026-04-12 20:40:34.85238
fa62bd1f-f26e-4cef-8ebc-78eee1ce03a2	12a1b046-b009-463d-b04a-19e4ac69715f	238.38000488	2026-04-12 20:40:35.52774
5bfca991-b037-42d3-ab53-4fbb70e22411	18ebc3fd-9550-4f1e-879b-8868f819bf50	377.29998779	2026-04-12 20:40:36.241506
ff13c5e1-be55-4ebf-bdd1-bfa51247d7ce	28328a5a-252c-4a27-9a73-5aca097a1148	22.42000008	2026-04-12 20:40:36.93172
b62aa46e-63f0-4b0a-b130-e10d66f2ff86	33a0e0e5-1154-441a-af29-aaa348855806	1463.80004883	2026-04-12 20:40:37.634914
2a752e45-b31b-4c8d-8f80-e9958f622e8d	4098f6e8-9183-462a-84c1-715bdbb139a3	317.23999023	2026-04-12 20:40:38.311249
005294f4-303f-4f39-b557-373da2853cbc	468e115c-9efd-4f31-a301-b7114a7f1c67	7.94399977	2026-04-12 20:40:39.685229
5e90b555-8815-4ada-9235-067b9a2ce632	56d6ef01-d96d-4337-8ab1-1a4802e68b74	163.10000610	2026-04-12 20:40:40.369955
c6c3fc8f-e020-4a87-a474-e60fd2ae29e0	6215418d-239e-4413-ba26-e950ddd4fc66	1478.28002930	2026-04-12 20:40:41.054555
cee31451-3121-4b06-b8fd-9881a9942827	693d7914-19ee-473f-b781-2abf591a2d24	348.95001221	2026-04-12 20:40:41.716678
03c661fe-4179-4508-adac-e5e2ee0dbe6e	6db8ad62-2f3d-47e5-9f5b-172f72796b39	149.67999268	2026-04-12 20:40:42.473261
c3e167a1-a537-49cc-bd8d-508f4ecdc548	71ad93f3-31ce-48a8-bd55-de6f2f0a22f5	62.38000107	2026-04-12 20:40:43.187729
5f736238-02e3-4481-bbe6-d28cc1beeb90	7cea3f1f-376a-4ef5-b9b6-6b796fb73c57	103.01000214	2026-04-12 20:40:43.857935
33d7cb7f-f8d3-443a-b62e-11eb78bcf8c1	87b1aac2-6693-4cf9-b1b1-46efb415f871	45.24000168	2026-04-12 20:40:44.518167
ca90dcc3-1add-4340-9a3a-acba27dda4b2	96ce9d82-6026-4263-8575-83c8594bc857	110.13999939	2026-04-12 20:40:45.212242
626ce11a-346d-4bbe-9e30-e14aee7ce087	fafaedd2-3a70-4be8-b4b5-37159a255790	260.48001099	2026-04-12 20:40:45.930506
60372584-5889-4c02-8ec7-7d0abb9046d2	a60d62fb-5c02-4531-90dc-5e18d776eb07	370.86999512	2026-04-12 20:40:46.625508
bca86959-d045-4f80-894b-b8ea4abb263a	a63cc413-cc1c-45fd-98e4-0cf05fa3ff46	188.63000488	2026-04-12 20:40:47.312962
c6bba186-f1c7-4bc6-a4b9-abbd090eded4	ab2e4ce6-a736-4027-b0ae-b233ba882db2	99.16999817	2026-04-12 20:40:48.077496
1d9d64e8-c1be-43d0-a43b-95bafa2ae95b	b347ffb5-16e7-4a76-aa01-9ebc296dca7b	629.85998535	2026-04-12 20:40:48.742021
7f734aa3-b06e-48be-845b-dd2ab997d7ba	ab2e4ce6-a736-4027-b0ae-b233ba882db2	99.16999817	2026-04-12 20:41:32.415942
2ac63116-29b0-4d84-aee8-2d1c8b20c6e7	b347ffb5-16e7-4a76-aa01-9ebc296dca7b	629.85998535	2026-04-12 20:41:33.090416
8c3d39bf-da4e-4289-9219-d71382a48fa2	c70afc82-67cf-43c0-a6d7-987d60fcf574	137.80000305	2026-04-12 20:41:33.794193
a280c1cc-92d1-4808-9499-37a7495d09c3	c8b6eeeb-a877-45d9-8005-cdacb31fd329	304.35998535	2026-04-12 20:41:34.484332
77533b87-96d6-4e0a-9755-c70f54f29677	dd3a7f04-94cd-43fe-8a6b-17cb10722bf5	229.44999695	2026-04-12 20:41:35.196748
4734e795-174b-4475-b750-c954b235d5d9	fafaedd2-3a70-4be8-b4b5-37159a255790	260.48001099	2026-04-12 20:41:35.920189
04f4cf18-86ad-4fd5-b262-f72590ca4c5e	05a2f16a-df0a-434b-ba8b-5cfe791aaea4	1.14500000	2026-04-12 20:41:37.23923
c69d6a51-bed4-4da7-8912-eb7eb408858c	0d125a30-ebfb-4afd-bdec-d8c2af899b06	53.88000107	2026-04-12 20:41:37.936197
ca145bb6-df71-4d2e-802d-2be26d7f45ac	12a1b046-b009-463d-b04a-19e4ac69715f	238.38000488	2026-04-12 20:41:38.586423
43439080-0d1a-44c6-84a6-046bab3d2e30	18ebc3fd-9550-4f1e-879b-8868f819bf50	377.29998779	2026-04-12 20:41:39.278118
4497adcd-2cb1-4e51-8c19-87cf56743867	28328a5a-252c-4a27-9a73-5aca097a1148	22.42000008	2026-04-12 20:41:39.948643
28e3af41-c79d-426e-b61c-514706931abc	33a0e0e5-1154-441a-af29-aaa348855806	1463.80004883	2026-04-12 20:41:40.650457
06e45349-99c5-49c6-9a1c-c794d60ffe3f	4098f6e8-9183-462a-84c1-715bdbb139a3	317.23999023	2026-04-12 20:41:41.325409
18e57405-5479-41e1-9c69-734617277f80	468e115c-9efd-4f31-a301-b7114a7f1c67	7.94399977	2026-04-12 20:41:42.006122
5667f5a6-6b54-4aa3-a107-3d29c3d3b7dc	56d6ef01-d96d-4337-8ab1-1a4802e68b74	163.10000610	2026-04-12 20:41:42.693142
106709b0-5395-4c04-97ac-a0ef06a0f135	6215418d-239e-4413-ba26-e950ddd4fc66	1478.28002930	2026-04-12 20:41:43.371374
de380ce3-e67d-4eaa-8150-a4d2922e0aaf	693d7914-19ee-473f-b781-2abf591a2d24	348.95001221	2026-04-12 20:41:44.027672
9985d9f2-371f-4538-a320-ca03a05e8bfa	6db8ad62-2f3d-47e5-9f5b-172f72796b39	149.67999268	2026-04-12 20:41:44.803538
151912ac-18c0-482c-b999-a31e8f111dd2	71ad93f3-31ce-48a8-bd55-de6f2f0a22f5	62.38000107	2026-04-12 20:41:45.508343
1dc54355-8192-4a7a-9af2-503f6ebe3e5b	7cea3f1f-376a-4ef5-b9b6-6b796fb73c57	103.01000214	2026-04-12 20:41:46.167704
dab28ef7-30f2-4b82-9515-39f45baf4bcd	87b1aac2-6693-4cf9-b1b1-46efb415f871	45.24000168	2026-04-12 20:41:46.816323
1f9b7f1d-738b-48c5-ab97-9d4abc2863c4	96ce9d82-6026-4263-8575-83c8594bc857	110.13999939	2026-04-12 20:41:47.515598
5752d016-4648-4780-989e-fdfeb44d1191	a60d62fb-5c02-4531-90dc-5e18d776eb07	370.86999512	2026-04-12 20:41:48.195996
47966b00-0691-4535-b27b-974eb1bf64bb	a63cc413-cc1c-45fd-98e4-0cf05fa3ff46	188.63000488	2026-04-12 20:41:48.86584
3ab83ab0-84ed-44f8-840e-8ff5ff6fe230	ab2e4ce6-a736-4027-b0ae-b233ba882db2	99.16999817	2026-04-12 20:45:39.290965
e5828e93-0765-4ab5-af06-0c66f4b46ee6	b347ffb5-16e7-4a76-aa01-9ebc296dca7b	629.85998535	2026-04-12 20:45:39.950795
8eaee5ab-428c-4b60-ac38-46e665d63af4	c70afc82-67cf-43c0-a6d7-987d60fcf574	137.80000305	2026-04-12 20:45:40.665555
ede5a5dc-17e8-4387-b964-03b29956b038	c8b6eeeb-a877-45d9-8005-cdacb31fd329	304.35998535	2026-04-12 20:45:41.368174
a284c4c0-d89a-43be-8ebe-39873f4b67b0	dd3a7f04-94cd-43fe-8a6b-17cb10722bf5	229.44999695	2026-04-12 20:45:42.064202
bb0fa4a9-afe1-4bbe-a5cd-7e6401157c74	fafaedd2-3a70-4be8-b4b5-37159a255790	260.48001099	2026-04-12 20:45:42.792306
91cb0edb-085d-46be-8ce3-20233cff9915	05a2f16a-df0a-434b-ba8b-5cfe791aaea4	1.14500000	2026-04-12 20:45:44.121555
54e1a128-77fd-49fb-bdf9-7125ecb2b3fc	0d125a30-ebfb-4afd-bdec-d8c2af899b06	53.88000107	2026-04-12 20:45:44.840387
55f38103-c5e1-497e-ab85-5136440c5cc9	12a1b046-b009-463d-b04a-19e4ac69715f	238.38000488	2026-04-12 20:45:45.503703
cb1ff03e-7acc-43d1-8635-a7b70e0a1c06	18ebc3fd-9550-4f1e-879b-8868f819bf50	377.29998779	2026-04-12 20:45:46.206842
679752eb-549b-4cee-ab5e-75e7601bc1b7	28328a5a-252c-4a27-9a73-5aca097a1148	22.42000008	2026-04-12 20:45:46.867386
b22d633c-8cc6-4534-b149-74da0377eb3e	33a0e0e5-1154-441a-af29-aaa348855806	1463.80004883	2026-04-12 20:45:47.565428
25facc67-8816-44d9-9ff6-cf9408e38c65	4098f6e8-9183-462a-84c1-715bdbb139a3	317.23999023	2026-04-12 20:45:48.224006
e98c0160-32f1-4c3b-995f-512db297bb03	468e115c-9efd-4f31-a301-b7114a7f1c67	7.94399977	2026-04-12 20:45:48.936319
dd9bc3ce-b93b-498a-a935-d4c95d39f667	56d6ef01-d96d-4337-8ab1-1a4802e68b74	163.10000610	2026-04-12 20:45:49.652408
29f85431-107f-4891-8454-c7b6c95fbf89	6215418d-239e-4413-ba26-e950ddd4fc66	1478.28002930	2026-04-12 20:45:50.348883
00937584-b62e-4be0-950a-903bcb6591d2	693d7914-19ee-473f-b781-2abf591a2d24	348.95001221	2026-04-12 20:45:51.007131
3390a8f5-3b67-4d97-8e86-b3163ca3e95d	6db8ad62-2f3d-47e5-9f5b-172f72796b39	149.67999268	2026-04-12 20:45:51.764591
236a9b62-7fff-4b66-a27d-657f85add15a	71ad93f3-31ce-48a8-bd55-de6f2f0a22f5	62.38000107	2026-04-12 20:45:52.467237
e3b8b307-eb76-4cc9-be7f-7eb4d48fc647	7cea3f1f-376a-4ef5-b9b6-6b796fb73c57	103.01000214	2026-04-12 20:45:53.122464
b053a8e3-f4c6-40ca-8437-03f628fb1045	87b1aac2-6693-4cf9-b1b1-46efb415f871	45.24000168	2026-04-12 20:45:53.756041
1c56289f-48d1-4d6b-a9f0-0a839dce720e	96ce9d82-6026-4263-8575-83c8594bc857	110.13999939	2026-04-12 20:45:54.453567
a2aa2c5d-03a4-4d5e-b41c-787f68e554f6	a60d62fb-5c02-4531-90dc-5e18d776eb07	370.86999512	2026-04-12 20:45:55.147552
20f7395c-0799-49cd-aef8-274a3d5bd05b	a63cc413-cc1c-45fd-98e4-0cf05fa3ff46	188.63000488	2026-04-12 20:45:55.826185
c7603087-804d-4f4f-987c-2fc3191e7ca6	ab2e4ce6-a736-4027-b0ae-b233ba882db2	99.16999817	2026-04-12 20:46:57.075561
40be1641-a289-406f-ba85-fa127483bc03	b347ffb5-16e7-4a76-aa01-9ebc296dca7b	629.85998535	2026-04-12 20:46:57.720434
01c70028-78a7-4563-addf-1327c8a42421	c70afc82-67cf-43c0-a6d7-987d60fcf574	137.80000305	2026-04-12 20:46:58.425742
9c522f38-1d32-4fb5-99ce-7a0ec438d791	05a2f16a-df0a-434b-ba8b-5cfe791aaea4	1.14500000	2026-04-12 20:46:59.06315
72f52c07-c3c7-4e95-b00b-0bedf09d9284	0d125a30-ebfb-4afd-bdec-d8c2af899b06	53.88000107	2026-04-12 20:46:59.793538
9d783638-dff7-409f-bfb8-a9ed0401659b	12a1b046-b009-463d-b04a-19e4ac69715f	238.38000488	2026-04-12 20:47:00.428834
b4e842df-c7f0-400f-b677-ec3548de78cc	18ebc3fd-9550-4f1e-879b-8868f819bf50	377.29998779	2026-04-12 20:47:01.105152
9aa497ce-7cb2-40de-8242-93facc61dec3	c8b6eeeb-a877-45d9-8005-cdacb31fd329	304.35998535	2026-04-12 20:47:01.760888
e1505c93-8a1a-42b4-95ec-43bb93a930c9	dd3a7f04-94cd-43fe-8a6b-17cb10722bf5	229.44999695	2026-04-12 20:47:02.451912
af462a77-82b6-4677-a8f4-142dac29165d	fafaedd2-3a70-4be8-b4b5-37159a255790	260.48001099	2026-04-12 20:47:03.16139
22fe7e13-d95b-4333-a08c-d0853da6d42b	28328a5a-252c-4a27-9a73-5aca097a1148	22.42000008	2026-04-12 20:47:04.48803
ce567736-0335-4f1b-87f3-b0de9f633da9	33a0e0e5-1154-441a-af29-aaa348855806	1463.80004883	2026-04-12 20:47:05.159468
d5f2ed78-fcac-4bfc-afd1-f6f8d9867f36	4098f6e8-9183-462a-84c1-715bdbb139a3	317.23999023	2026-04-12 20:47:05.833739
a5002d64-d03b-44a6-8e03-e1f967dc5aef	468e115c-9efd-4f31-a301-b7114a7f1c67	7.94399977	2026-04-12 20:47:06.521953
191a470f-94da-499c-a915-67612da1ec89	56d6ef01-d96d-4337-8ab1-1a4802e68b74	163.10000610	2026-04-12 20:47:07.21403
f7590d39-2ba6-491f-b4bd-d2068552b7fa	6215418d-239e-4413-ba26-e950ddd4fc66	1478.28002930	2026-04-12 20:47:07.8913
ea138eaa-d3db-4705-a741-3c488b867058	693d7914-19ee-473f-b781-2abf591a2d24	348.95001221	2026-04-12 20:47:08.563341
f2b7f216-694e-4441-b5ff-e70da3bdcae0	6db8ad62-2f3d-47e5-9f5b-172f72796b39	149.67999268	2026-04-12 20:47:09.332122
e51d83ea-261b-49a9-97a0-0ed396a9183d	71ad93f3-31ce-48a8-bd55-de6f2f0a22f5	62.38000107	2026-04-12 20:47:10.024421
e0c8a347-e587-4a0e-9a0e-391cb268ea96	7cea3f1f-376a-4ef5-b9b6-6b796fb73c57	103.01000214	2026-04-12 20:47:10.694469
9af94593-af77-4aa4-8db4-d703db6de1d6	87b1aac2-6693-4cf9-b1b1-46efb415f871	45.24000168	2026-04-12 20:47:11.348025
48cb271d-accb-4b37-b6e5-a640dca656d8	96ce9d82-6026-4263-8575-83c8594bc857	110.13999939	2026-04-12 20:47:12.044371
c82e09de-d619-43cb-b424-b1bfb0bfbe8a	a60d62fb-5c02-4531-90dc-5e18d776eb07	370.86999512	2026-04-12 20:47:12.735616
cca03990-f808-4812-8030-b78387a8f291	a63cc413-cc1c-45fd-98e4-0cf05fa3ff46	188.63000488	2026-04-12 20:47:13.41911
ee663b2a-edf9-45c9-ad46-fc954b5806bb	ab2e4ce6-a736-4027-b0ae-b233ba882db2	99.16999817	2026-04-12 20:47:15.084986
4cc0a435-5648-405a-b9ee-8c6107307786	b347ffb5-16e7-4a76-aa01-9ebc296dca7b	629.85998535	2026-04-12 20:47:15.750271
0d3cff25-665c-4dd9-927e-ca9d2ee456d2	c70afc82-67cf-43c0-a6d7-987d60fcf574	137.80000305	2026-04-12 20:47:16.489673
8bbdeec2-ee48-42c4-aa2f-57b8bf2fdc99	c8b6eeeb-a877-45d9-8005-cdacb31fd329	304.35998535	2026-04-12 20:47:17.182898
bc176b66-24d0-4980-b248-9d3cea163195	dd3a7f04-94cd-43fe-8a6b-17cb10722bf5	229.44999695	2026-04-12 20:47:17.865999
9047f942-e98e-4cf1-8b53-5c49bc098d3d	fafaedd2-3a70-4be8-b4b5-37159a255790	260.48001099	2026-04-12 20:47:18.584117
6fb75909-1593-4c1b-b70e-c3fe735f3e35	05a2f16a-df0a-434b-ba8b-5cfe791aaea4	1.14500000	2026-04-12 20:47:19.916053
154602dd-011c-4214-a1a5-3b88aa3da573	0d125a30-ebfb-4afd-bdec-d8c2af899b06	53.88000107	2026-04-12 20:47:20.625121
814088b5-d4ce-4cfd-9e4b-e8c6b2f98990	12a1b046-b009-463d-b04a-19e4ac69715f	238.38000488	2026-04-12 20:47:21.288058
06b77148-883d-419f-b1b7-eecce7e6957e	18ebc3fd-9550-4f1e-879b-8868f819bf50	377.29998779	2026-04-12 20:47:21.996058
9d52e318-216e-481a-bfd1-1dddfe863eed	28328a5a-252c-4a27-9a73-5aca097a1148	22.42000008	2026-04-12 20:47:22.664825
f2f28df7-55de-4052-a727-c55b9c6c517c	33a0e0e5-1154-441a-af29-aaa348855806	1463.80004883	2026-04-12 20:47:23.367618
49dffd0a-171b-4e88-8cc9-cb5ee3cbbd2e	4098f6e8-9183-462a-84c1-715bdbb139a3	317.23999023	2026-04-12 20:47:24.030902
f3967d9a-03ef-48ad-9528-e28533216128	468e115c-9efd-4f31-a301-b7114a7f1c67	7.94399977	2026-04-12 20:47:24.72965
f6efabee-791f-4162-bd8e-cae792120dba	56d6ef01-d96d-4337-8ab1-1a4802e68b74	163.10000610	2026-04-12 20:47:25.408869
5dda3fb0-b42a-4a4d-9403-738adfff2d5d	6215418d-239e-4413-ba26-e950ddd4fc66	1478.28002930	2026-04-12 20:47:26.096006
a4fcff5a-d9d7-4700-bcec-37b0ba7e5434	693d7914-19ee-473f-b781-2abf591a2d24	348.95001221	2026-04-12 20:47:26.773034
c34998fa-a8ff-4998-8f2b-d8aea273de58	6db8ad62-2f3d-47e5-9f5b-172f72796b39	149.67999268	2026-04-12 20:47:27.514448
35ce75bb-b084-4ab5-969b-d288a633e167	71ad93f3-31ce-48a8-bd55-de6f2f0a22f5	62.38000107	2026-04-12 20:47:28.217246
60d46cc4-aebf-4060-87ce-ac214c2371dd	7cea3f1f-376a-4ef5-b9b6-6b796fb73c57	103.01000214	2026-04-12 20:47:28.890024
59990aad-6292-4182-be19-a975c207bbec	87b1aac2-6693-4cf9-b1b1-46efb415f871	45.24000168	2026-04-12 20:47:29.559943
0c43a2c2-8fae-42d1-bc68-51d83dc9fdb2	96ce9d82-6026-4263-8575-83c8594bc857	110.13999939	2026-04-12 20:47:30.256418
d90b9002-babf-4f7b-b6c3-2b32aba82c8c	a60d62fb-5c02-4531-90dc-5e18d776eb07	370.86999512	2026-04-12 20:47:30.943322
fff4d412-d17a-40e5-a557-3294a103268a	a63cc413-cc1c-45fd-98e4-0cf05fa3ff46	188.63000488	2026-04-12 20:47:31.632829
b2df0fd7-41aa-47c6-814e-a36485a3a406	ab2e4ce6-a736-4027-b0ae-b233ba882db2	99.16999817	2026-04-12 20:55:55.65367
5ef77977-423c-407d-9b29-34020996df01	b347ffb5-16e7-4a76-aa01-9ebc296dca7b	629.85998535	2026-04-12 20:55:56.320925
6277fef8-0823-42fc-9ef4-12de055bcd42	c70afc82-67cf-43c0-a6d7-987d60fcf574	137.80000305	2026-04-12 20:55:57.013681
cda23aad-8275-449c-a7fb-fbce5830885f	c8b6eeeb-a877-45d9-8005-cdacb31fd329	304.35998535	2026-04-12 20:55:57.70537
975d71a5-9a5b-4227-8694-d8c68b0e9e4f	dd3a7f04-94cd-43fe-8a6b-17cb10722bf5	229.44999695	2026-04-12 20:55:58.407523
36e3442f-7286-4cff-8ed1-4d683a1edde2	fafaedd2-3a70-4be8-b4b5-37159a255790	260.48001099	2026-04-12 20:55:59.131876
ad01b34c-2112-42cc-99bb-8fb0796a8fe5	05a2f16a-df0a-434b-ba8b-5cfe791aaea4	1.14500000	2026-04-12 20:56:00.453297
a7e9a3d8-cb10-4ac8-8431-bdd5ca2acff0	0d125a30-ebfb-4afd-bdec-d8c2af899b06	53.88000107	2026-04-12 20:56:01.155491
acccc6f0-4be3-4bb4-b9da-232dcf58bb12	12a1b046-b009-463d-b04a-19e4ac69715f	238.38000488	2026-04-12 20:56:01.840457
27b350e2-d633-4d08-8a66-0429ec2ef51a	18ebc3fd-9550-4f1e-879b-8868f819bf50	377.29998779	2026-04-12 20:56:02.530281
ab5765c3-e3ee-405a-84de-d406280a6743	28328a5a-252c-4a27-9a73-5aca097a1148	22.42000008	2026-04-12 20:56:03.208519
5efb2d00-2640-493f-bb8f-2514c084e984	33a0e0e5-1154-441a-af29-aaa348855806	1463.80004883	2026-04-12 20:56:03.908201
3ac909d0-ae0e-4c0e-a2bb-d63139d2723f	4098f6e8-9183-462a-84c1-715bdbb139a3	317.23999023	2026-04-12 20:56:04.573931
19b2450d-a2b6-4015-8c3b-97db5266e640	468e115c-9efd-4f31-a301-b7114a7f1c67	7.94399977	2026-04-12 20:56:05.284815
ffe54596-b702-44cd-bef9-4c0b20ea9218	56d6ef01-d96d-4337-8ab1-1a4802e68b74	163.10000610	2026-04-12 20:56:05.9765
6089092a-7868-4e3e-8654-4993263b40ca	6215418d-239e-4413-ba26-e950ddd4fc66	1478.28002930	2026-04-12 20:56:06.651443
c148179c-57b4-4c41-8b26-2d22cb91522d	693d7914-19ee-473f-b781-2abf591a2d24	348.95001221	2026-04-12 20:56:07.313179
7b463249-2878-4135-97b7-a8e9ae29df72	6db8ad62-2f3d-47e5-9f5b-172f72796b39	149.67999268	2026-04-12 20:56:08.071822
09812481-5bae-4438-be6e-c1b1a0b43950	71ad93f3-31ce-48a8-bd55-de6f2f0a22f5	62.38000107	2026-04-12 20:56:08.770242
13dcf75e-7cd5-4211-8425-e656134675ec	7cea3f1f-376a-4ef5-b9b6-6b796fb73c57	103.01000214	2026-04-12 20:56:09.440662
a47ff32b-3aed-4a95-92b9-a0ef182a5e65	87b1aac2-6693-4cf9-b1b1-46efb415f871	45.24000168	2026-04-12 20:56:10.153662
d3328c5e-83c7-4f1a-84f2-4a26b54587d7	96ce9d82-6026-4263-8575-83c8594bc857	110.13999939	2026-04-12 20:56:10.848924
e3f20002-c611-4be0-b04b-09b053e3f0d1	a60d62fb-5c02-4531-90dc-5e18d776eb07	370.86999512	2026-04-12 20:56:11.551591
df1a0528-f069-427f-80ee-8f028f9d45a6	a63cc413-cc1c-45fd-98e4-0cf05fa3ff46	188.63000488	2026-04-12 20:56:12.22787
849bfe31-d4a3-4c37-b4d4-ca1e8826725d	ab2e4ce6-a736-4027-b0ae-b233ba882db2	99.16999817	2026-04-12 20:56:34.167817
4f4d60f3-7ba8-47b4-bbce-36d5dae32445	b347ffb5-16e7-4a76-aa01-9ebc296dca7b	629.85998535	2026-04-12 20:56:34.833742
d617968b-ea82-49f6-9693-f6a61504c0e9	c70afc82-67cf-43c0-a6d7-987d60fcf574	137.80000305	2026-04-12 20:56:35.511821
c33d8540-c719-49b4-b43d-cd23849b4623	c8b6eeeb-a877-45d9-8005-cdacb31fd329	304.35998535	2026-04-12 20:56:36.232339
f9e017fd-05a9-4730-9441-a563842019b1	dd3a7f04-94cd-43fe-8a6b-17cb10722bf5	229.44999695	2026-04-12 20:56:36.943447
4bf1e0c9-e089-4518-80d5-cbb38120137a	fafaedd2-3a70-4be8-b4b5-37159a255790	260.48001099	2026-04-12 20:56:37.674927
2ff85e6b-d0d9-4da4-8b94-f223213156e6	05a2f16a-df0a-434b-ba8b-5cfe791aaea4	1.14500000	2026-04-12 20:56:38.308651
ea918de0-6889-4576-81e5-d13f81b57b07	0d125a30-ebfb-4afd-bdec-d8c2af899b06	53.88000107	2026-04-12 20:56:39.00735
2313f81d-0bf3-436e-9c50-f63e13a52fc0	12a1b046-b009-463d-b04a-19e4ac69715f	238.38000488	2026-04-12 20:56:39.667033
1fb90bd9-4960-42ef-af07-dc9ff0dd936c	18ebc3fd-9550-4f1e-879b-8868f819bf50	377.29998779	2026-04-12 20:56:40.356206
44a282ce-a280-4857-8753-d69f8d21fea9	28328a5a-252c-4a27-9a73-5aca097a1148	22.42000008	2026-04-12 20:56:41.71107
edc03d92-98f2-4a76-8c71-645a53deb2f6	33a0e0e5-1154-441a-af29-aaa348855806	1463.80004883	2026-04-12 20:56:42.421156
7b8ec16d-29af-40f3-84f7-5d141e822857	4098f6e8-9183-462a-84c1-715bdbb139a3	317.23999023	2026-04-12 20:56:43.103028
84f8a568-370b-4e23-a936-8bce2d593786	468e115c-9efd-4f31-a301-b7114a7f1c67	7.94399977	2026-04-12 20:56:43.823547
eb0a39a0-0b16-48af-9819-1a47ef01e10f	56d6ef01-d96d-4337-8ab1-1a4802e68b74	163.10000610	2026-04-12 20:56:44.520974
99e9312a-84f1-47ea-b68d-7c1c7c05ea65	6215418d-239e-4413-ba26-e950ddd4fc66	1478.28002930	2026-04-12 20:56:45.223001
2012863d-84c0-4646-bd28-67360ec89cf3	693d7914-19ee-473f-b781-2abf591a2d24	348.95001221	2026-04-12 20:56:45.885683
f66dbd23-32ef-4d2a-a21a-cf6153768b66	6db8ad62-2f3d-47e5-9f5b-172f72796b39	149.67999268	2026-04-12 20:56:46.638525
8715a758-6407-4b52-a9a2-98b6893d453a	71ad93f3-31ce-48a8-bd55-de6f2f0a22f5	62.38000107	2026-04-12 20:56:47.331136
f41cfa61-4413-4e41-8d52-53ae654c9125	7cea3f1f-376a-4ef5-b9b6-6b796fb73c57	103.01000214	2026-04-12 20:56:48.038941
6faab9fd-a9a9-4fe7-b7aa-f4e9512407f9	87b1aac2-6693-4cf9-b1b1-46efb415f871	45.24000168	2026-04-12 20:56:48.696922
008247f8-bb91-4619-a0d3-c7bb6cd976dd	96ce9d82-6026-4263-8575-83c8594bc857	110.13999939	2026-04-12 20:56:49.385405
4b9e7f51-296d-4734-bffb-870f3095fa34	a60d62fb-5c02-4531-90dc-5e18d776eb07	370.86999512	2026-04-12 20:56:50.083241
432eb201-3a6a-4f13-9817-c74bec37d641	a63cc413-cc1c-45fd-98e4-0cf05fa3ff46	188.63000488	2026-04-12 20:56:50.775064
4eb23c3d-009e-46b8-ac9e-be0ec91aae85	ab2e4ce6-a736-4027-b0ae-b233ba882db2	99.16999817	2026-04-12 20:58:06.261488
c56b9f46-eda8-4dfe-94e0-5bd5c943c8e1	b347ffb5-16e7-4a76-aa01-9ebc296dca7b	629.85998535	2026-04-12 20:58:06.932829
756d2bf3-0a0b-495b-9e19-4b7e127b42b1	c70afc82-67cf-43c0-a6d7-987d60fcf574	137.80000305	2026-04-12 20:58:07.642647
53521639-6c12-4e15-92f1-d60417be733d	c8b6eeeb-a877-45d9-8005-cdacb31fd329	304.35998535	2026-04-12 20:58:08.333681
27ecbf29-96ff-49f0-bc27-d4ebb90b7d31	dd3a7f04-94cd-43fe-8a6b-17cb10722bf5	229.44999695	2026-04-12 20:58:09.033272
62acba01-b514-48d4-bbe9-ff8feb159254	fafaedd2-3a70-4be8-b4b5-37159a255790	260.48001099	2026-04-12 20:58:09.770818
66739996-6a9d-4a17-b283-b9c50e9c6b4d	05a2f16a-df0a-434b-ba8b-5cfe791aaea4	1.14500000	2026-04-12 20:58:11.094244
b2d9ebbe-87a0-41f3-9642-501219b72405	0d125a30-ebfb-4afd-bdec-d8c2af899b06	53.88000107	2026-04-12 20:58:11.806055
08c2aedc-2c40-45f4-a626-9068a42f7c95	12a1b046-b009-463d-b04a-19e4ac69715f	238.38000488	2026-04-12 20:58:12.47962
ed8ed9fe-4fe0-49ec-88e4-c52e26c277e8	18ebc3fd-9550-4f1e-879b-8868f819bf50	377.29998779	2026-04-12 20:58:13.182085
25960d66-93bd-4333-bd38-53f7fb25a163	28328a5a-252c-4a27-9a73-5aca097a1148	22.42000008	2026-04-12 20:58:13.850467
58e28c8b-f683-4ec1-939f-afb8313e92e9	33a0e0e5-1154-441a-af29-aaa348855806	1463.80004883	2026-04-12 20:58:14.54152
f7a1d6b1-5a74-41dd-a214-83bb744847f7	4098f6e8-9183-462a-84c1-715bdbb139a3	317.23999023	2026-04-12 20:58:15.21336
0cb05a70-6c5a-4d8a-a6f3-4d1a81833e66	468e115c-9efd-4f31-a301-b7114a7f1c67	7.94399977	2026-04-12 20:58:15.895661
f2c298cd-e760-485c-94e8-c3dce1b728e5	56d6ef01-d96d-4337-8ab1-1a4802e68b74	163.10000610	2026-04-12 20:58:16.586986
55671344-5c2d-44b8-abe6-e576e16e1e06	6215418d-239e-4413-ba26-e950ddd4fc66	1478.28002930	2026-04-12 20:58:17.26859
ce8a9bdc-65bc-461a-8b73-6bd6e974320b	693d7914-19ee-473f-b781-2abf591a2d24	348.95001221	2026-04-12 20:58:17.937814
66d18593-917b-4844-980a-da15edd24a35	6db8ad62-2f3d-47e5-9f5b-172f72796b39	149.67999268	2026-04-12 20:58:18.697221
513f6c93-3b60-4339-925f-398c1aadb218	71ad93f3-31ce-48a8-bd55-de6f2f0a22f5	62.38000107	2026-04-12 20:58:19.402175
a0398afc-45ce-4583-8a39-84cdfdabc42d	7cea3f1f-376a-4ef5-b9b6-6b796fb73c57	103.01000214	2026-04-12 20:58:20.074513
23ea3125-1dff-4726-aa3e-310c120ddf19	87b1aac2-6693-4cf9-b1b1-46efb415f871	45.24000168	2026-04-12 20:58:20.734645
739cbd0d-a780-4668-930b-3c400bd61dc6	96ce9d82-6026-4263-8575-83c8594bc857	110.13999939	2026-04-12 20:58:21.42202
d1d546f9-0e6e-426c-a8b7-a0497b5b843e	a60d62fb-5c02-4531-90dc-5e18d776eb07	370.86999512	2026-04-12 20:58:22.111974
2163e6ac-7274-4e0c-9f76-20520864f584	a63cc413-cc1c-45fd-98e4-0cf05fa3ff46	188.63000488	2026-04-12 20:58:22.799445
ca9e8316-ba7e-4f35-9642-b12be4c66efa	ab2e4ce6-a736-4027-b0ae-b233ba882db2	99.16999817	2026-04-12 20:58:31.946627
fde25a6d-58eb-47d7-a72a-b12dd1d3fffd	b347ffb5-16e7-4a76-aa01-9ebc296dca7b	629.85998535	2026-04-12 20:58:32.618971
60c40988-7636-4e52-9d36-cf614d3cf4fb	c70afc82-67cf-43c0-a6d7-987d60fcf574	137.80000305	2026-04-12 20:58:33.334929
097336c4-bea0-4815-9631-ac6763df9a20	c8b6eeeb-a877-45d9-8005-cdacb31fd329	304.35998535	2026-04-12 20:58:34.021552
6716cf17-8cd8-4bf7-a1ba-e905d2a817dc	dd3a7f04-94cd-43fe-8a6b-17cb10722bf5	229.44999695	2026-04-12 20:58:34.702719
f4399a15-3f86-47bd-8e17-561b8c56e609	fafaedd2-3a70-4be8-b4b5-37159a255790	260.48001099	2026-04-12 20:58:35.408015
ece11bba-b3ac-4eed-8a81-7be3194f22a8	05a2f16a-df0a-434b-ba8b-5cfe791aaea4	1.14500000	2026-04-12 20:58:36.720255
eadc65c4-2644-48c9-9373-25b2eaf1e480	0d125a30-ebfb-4afd-bdec-d8c2af899b06	53.88000107	2026-04-12 20:58:37.423783
4d475237-5bc0-4da5-94a9-ff0a017392ec	12a1b046-b009-463d-b04a-19e4ac69715f	238.38000488	2026-04-12 20:58:38.086415
95fa3865-6dc9-456e-afa3-97a8785bdd1f	18ebc3fd-9550-4f1e-879b-8868f819bf50	377.29998779	2026-04-12 20:58:38.970066
f09f4f07-bd0b-4370-b2d7-0d0df57e7010	28328a5a-252c-4a27-9a73-5aca097a1148	22.42000008	2026-04-12 20:58:39.657309
22906a9b-06bf-481f-8b52-7817999decde	33a0e0e5-1154-441a-af29-aaa348855806	1463.80004883	2026-04-12 20:58:40.358859
929dd123-84b9-445c-82de-8d4c3b9b8e69	4098f6e8-9183-462a-84c1-715bdbb139a3	317.23999023	2026-04-12 20:58:41.024956
765fdd28-7d72-4763-a3ec-2743f0801ced	468e115c-9efd-4f31-a301-b7114a7f1c67	7.94399977	2026-04-12 20:58:41.70757
93961338-8421-4dbb-9b37-15436d46977f	56d6ef01-d96d-4337-8ab1-1a4802e68b74	163.10000610	2026-04-12 20:58:42.403598
68f9f5ce-09e3-42f4-866d-9710e0c54f32	6215418d-239e-4413-ba26-e950ddd4fc66	1478.28002930	2026-04-12 20:58:43.079597
9cd9265d-5e77-4831-9395-8182f1b339ad	693d7914-19ee-473f-b781-2abf591a2d24	348.95001221	2026-04-12 20:58:43.736824
46a8666c-9756-4271-a6c4-d1bdf45b84d6	6db8ad62-2f3d-47e5-9f5b-172f72796b39	149.67999268	2026-04-12 20:58:44.471287
f37c38d4-47c2-4539-872a-4e7f0552f5c9	71ad93f3-31ce-48a8-bd55-de6f2f0a22f5	62.38000107	2026-04-12 20:58:45.180802
4fc57c13-320d-4ff9-8cfd-e58f9e5784d6	7cea3f1f-376a-4ef5-b9b6-6b796fb73c57	103.01000214	2026-04-12 20:58:45.841851
16384481-d0b9-4088-a48e-284ec0f757c3	87b1aac2-6693-4cf9-b1b1-46efb415f871	45.24000168	2026-04-12 20:58:46.496717
1f948ac0-6c3a-455f-8a50-38f59c79d361	96ce9d82-6026-4263-8575-83c8594bc857	110.13999939	2026-04-12 20:58:47.188029
6425ad2a-08c8-4754-bfae-1e31fb9c7d92	a60d62fb-5c02-4531-90dc-5e18d776eb07	370.86999512	2026-04-12 20:58:47.904037
65d8edc7-aabe-431c-b604-ae86049dc86e	a63cc413-cc1c-45fd-98e4-0cf05fa3ff46	188.63000488	2026-04-12 20:58:48.586927
238ebfe6-56ea-45e8-939c-944ca13a7277	ab2e4ce6-a736-4027-b0ae-b233ba882db2	99.16999817	2026-04-12 21:02:00.888622
e67864ed-cd01-45cc-a91a-97299dd9140e	b347ffb5-16e7-4a76-aa01-9ebc296dca7b	629.85998535	2026-04-12 21:02:01.557443
d040d79a-cb8a-4bdc-ab5b-48941c18d2ce	c70afc82-67cf-43c0-a6d7-987d60fcf574	137.80000305	2026-04-12 21:02:02.26163
f7f29c61-b4f0-477e-9051-975e784a5d7c	c8b6eeeb-a877-45d9-8005-cdacb31fd329	304.35998535	2026-04-12 21:02:02.960488
7705dc89-c69a-4511-97c7-d688a0587afa	dd3a7f04-94cd-43fe-8a6b-17cb10722bf5	229.44999695	2026-04-12 21:02:03.684236
fe1550f6-0bb3-4169-994b-661a7e6d3320	fafaedd2-3a70-4be8-b4b5-37159a255790	260.48001099	2026-04-12 21:02:04.394888
ea6cc5e1-203b-4b39-baad-e8262d857b13	05a2f16a-df0a-434b-ba8b-5cfe791aaea4	1.14500000	2026-04-12 21:02:05.032246
451e7719-0a4b-4171-85e5-f0532fd02415	0d125a30-ebfb-4afd-bdec-d8c2af899b06	53.88000107	2026-04-12 21:02:05.731771
ba579d8e-0795-456a-9c05-c863c533de23	12a1b046-b009-463d-b04a-19e4ac69715f	238.38000488	2026-04-12 21:02:06.377919
79c7048a-3204-4d50-96dc-99e702224aea	18ebc3fd-9550-4f1e-879b-8868f819bf50	377.29998779	2026-04-12 21:02:07.050559
0651531b-b7ba-42b0-a01c-7898b9a9a50d	28328a5a-252c-4a27-9a73-5aca097a1148	22.42000008	2026-04-12 21:02:08.390415
a0ae4dd4-ab0c-49a9-8027-6d34e5b412d0	33a0e0e5-1154-441a-af29-aaa348855806	1463.80004883	2026-04-12 21:02:09.087496
982e5d68-2cae-4a19-9094-057c7db31e01	4098f6e8-9183-462a-84c1-715bdbb139a3	317.23999023	2026-04-12 21:02:09.769533
596bbde7-2087-4b60-b9e4-2a6e00ffcbb2	468e115c-9efd-4f31-a301-b7114a7f1c67	7.94399977	2026-04-12 21:02:10.474991
3c570e92-9543-4bbd-be71-2a1df8c84b5e	56d6ef01-d96d-4337-8ab1-1a4802e68b74	163.10000610	2026-04-12 21:02:11.167782
5d25ef4e-ea69-4615-9a02-0fde41731513	6215418d-239e-4413-ba26-e950ddd4fc66	1478.28002930	2026-04-12 21:02:11.840269
0f80f86e-2b12-4cd8-9f4a-dbc2c0fe5769	693d7914-19ee-473f-b781-2abf591a2d24	348.95001221	2026-04-12 21:02:12.497927
24304603-82ba-4c1d-bdfc-be8c5ff1e80b	6db8ad62-2f3d-47e5-9f5b-172f72796b39	149.67999268	2026-04-12 21:02:13.233343
b7fb80ff-1a11-468c-b14a-7eda691141e9	71ad93f3-31ce-48a8-bd55-de6f2f0a22f5	62.38000107	2026-04-12 21:02:13.927046
b38819f9-65f0-48dc-a2d8-6fb22a50292f	7cea3f1f-376a-4ef5-b9b6-6b796fb73c57	103.01000214	2026-04-12 21:02:14.563683
19ea3eac-8d11-431a-9817-8a2b69ce20f2	87b1aac2-6693-4cf9-b1b1-46efb415f871	45.24000168	2026-04-12 21:02:15.230508
dc6da793-bce8-4682-b887-49be3331ed69	96ce9d82-6026-4263-8575-83c8594bc857	110.13999939	2026-04-12 21:02:15.933131
d631ca1a-59d8-41fb-83ad-e873b6649bf0	a60d62fb-5c02-4531-90dc-5e18d776eb07	370.86999512	2026-04-12 21:02:16.600784
a5607fb6-b58d-45cd-b510-4a40b4d12f46	a63cc413-cc1c-45fd-98e4-0cf05fa3ff46	188.63000488	2026-04-12 21:02:17.262983
c78a2039-317d-4bf4-b1bd-1ba5852e50d5	ab2e4ce6-a736-4027-b0ae-b233ba882db2	99.16999817	2026-04-12 21:02:19.003435
b775916b-a306-49b8-a320-e189a3581c4d	b347ffb5-16e7-4a76-aa01-9ebc296dca7b	629.85998535	2026-04-12 21:02:19.673305
37441056-8496-440b-b6d8-318b5c19a6ff	c70afc82-67cf-43c0-a6d7-987d60fcf574	137.80000305	2026-04-12 21:02:20.35886
e1564963-fe50-4121-a8c7-f45c11688c22	c8b6eeeb-a877-45d9-8005-cdacb31fd329	304.35998535	2026-04-12 21:02:21.037436
03707978-64a0-43b3-a19a-fcc3f7000575	dd3a7f04-94cd-43fe-8a6b-17cb10722bf5	229.44999695	2026-04-12 21:02:21.741849
2f542b5a-7aa6-4a8f-bc9a-7b1e7cc793df	fafaedd2-3a70-4be8-b4b5-37159a255790	260.48001099	2026-04-12 21:02:22.4616
77340674-cac6-4b96-a436-4445d6a4468e	05a2f16a-df0a-434b-ba8b-5cfe791aaea4	1.14500000	2026-04-12 21:02:23.85808
e21703d2-79a3-42be-bc50-c394c05a8975	0d125a30-ebfb-4afd-bdec-d8c2af899b06	53.88000107	2026-04-12 21:02:24.564995
05de5e28-1498-4077-b9bb-a5aaa5fd2882	12a1b046-b009-463d-b04a-19e4ac69715f	238.38000488	2026-04-12 21:02:25.213585
b11ee936-278b-4d02-906a-66c50bbe980d	18ebc3fd-9550-4f1e-879b-8868f819bf50	377.29998779	2026-04-12 21:02:25.887305
1ee676b7-a867-4f9e-bd39-6f5da96cc9ef	28328a5a-252c-4a27-9a73-5aca097a1148	22.42000008	2026-04-12 21:02:26.574971
d84ff971-fd2e-4fc0-9065-8e6982be75d9	33a0e0e5-1154-441a-af29-aaa348855806	1463.80004883	2026-04-12 21:02:27.275559
fe8b8d35-d807-40a1-89b5-6b801ca988d6	4098f6e8-9183-462a-84c1-715bdbb139a3	317.23999023	2026-04-12 21:02:27.938529
a9ab23a8-c9f1-4810-a15a-ed43ccd29446	468e115c-9efd-4f31-a301-b7114a7f1c67	7.94399977	2026-04-12 21:02:28.633424
419d58b8-8bde-48e1-bd52-199d4e1785f1	56d6ef01-d96d-4337-8ab1-1a4802e68b74	163.10000610	2026-04-12 21:02:29.311195
1a48bbff-c3f9-40ab-9430-b5a90174ae31	6215418d-239e-4413-ba26-e950ddd4fc66	1478.28002930	2026-04-12 21:02:29.985308
b35a4d74-47f5-418b-aef0-2ca2bd376a65	693d7914-19ee-473f-b781-2abf591a2d24	348.95001221	2026-04-12 21:02:30.685652
6d90f0db-43b1-4dbd-9866-f9e6c29a8282	6db8ad62-2f3d-47e5-9f5b-172f72796b39	149.67999268	2026-04-12 21:02:31.443719
d44d2a55-3a84-4339-80c3-2afb9b788907	71ad93f3-31ce-48a8-bd55-de6f2f0a22f5	62.38000107	2026-04-12 21:02:32.231346
bfab3a2e-d2f2-42f5-928e-350d77a35013	7cea3f1f-376a-4ef5-b9b6-6b796fb73c57	103.01000214	2026-04-12 21:02:32.891441
67b364b4-14e4-4a5b-a25f-1edfa9cff906	87b1aac2-6693-4cf9-b1b1-46efb415f871	45.24000168	2026-04-12 21:02:33.55986
7b2ae12b-20f0-44bc-a253-8a42032defa4	96ce9d82-6026-4263-8575-83c8594bc857	110.13999939	2026-04-12 21:02:34.249763
25f31b2e-a406-4017-a09f-f77624b63713	a60d62fb-5c02-4531-90dc-5e18d776eb07	370.86999512	2026-04-12 21:02:34.945396
1d5b9f57-68d6-4c22-9c2f-c5718359fc27	a63cc413-cc1c-45fd-98e4-0cf05fa3ff46	188.63000488	2026-04-12 21:02:35.638146
db9de85f-b7ad-4e40-af45-b97ccfd99a09	ab2e4ce6-a736-4027-b0ae-b233ba882db2	99.16999817	2026-04-12 21:02:37.300978
3da1e696-4472-47d5-91b6-faabb19f7fac	b347ffb5-16e7-4a76-aa01-9ebc296dca7b	629.85998535	2026-04-12 21:02:37.969118
35cb0b8e-3d99-41fb-9ff5-e97b6c309af4	c70afc82-67cf-43c0-a6d7-987d60fcf574	137.80000305	2026-04-12 21:02:38.70532
a9e6957e-9a8c-4777-aa9d-ff56f7ebff2f	c8b6eeeb-a877-45d9-8005-cdacb31fd329	304.35998535	2026-04-12 21:02:39.396332
9dffff5f-8225-4c41-9cad-06283ec425b9	dd3a7f04-94cd-43fe-8a6b-17cb10722bf5	229.44999695	2026-04-12 21:02:40.094652
53aa6711-5bbf-428c-b1f0-12849f7bded7	fafaedd2-3a70-4be8-b4b5-37159a255790	260.48001099	2026-04-12 21:02:40.790836
539ca9fe-f10c-402d-bbea-04ddd253e5ff	05a2f16a-df0a-434b-ba8b-5cfe791aaea4	1.14500000	2026-04-12 21:02:42.096429
c1abd3cf-d06b-4946-a15c-ed0488c1c51a	0d125a30-ebfb-4afd-bdec-d8c2af899b06	53.88000107	2026-04-12 21:02:42.787701
e0372db3-bb22-45ec-a172-0348bc92ec86	12a1b046-b009-463d-b04a-19e4ac69715f	238.38000488	2026-04-12 21:02:43.447308
6275973d-5d4d-4d50-be2b-5d247a4e10d0	18ebc3fd-9550-4f1e-879b-8868f819bf50	377.29998779	2026-04-12 21:02:44.139825
9b42d83b-5d75-4921-8016-814e63edb699	28328a5a-252c-4a27-9a73-5aca097a1148	22.42000008	2026-04-12 21:02:44.839727
12c0d060-62c3-414e-965c-0a39793c80e7	33a0e0e5-1154-441a-af29-aaa348855806	1463.80004883	2026-04-12 21:02:45.542869
4e9d10bb-11e1-4291-9bbf-c336096ee485	4098f6e8-9183-462a-84c1-715bdbb139a3	317.23999023	2026-04-12 21:02:46.203832
08d0a86a-60cf-406b-a679-c057eb1457ef	468e115c-9efd-4f31-a301-b7114a7f1c67	7.94399977	2026-04-12 21:02:46.90304
f8e60938-ebbc-4afd-871c-a8613f4c16b8	56d6ef01-d96d-4337-8ab1-1a4802e68b74	163.10000610	2026-04-12 21:02:47.592006
5601a568-8a3a-4433-8792-73d39d56ff2d	6215418d-239e-4413-ba26-e950ddd4fc66	1478.28002930	2026-04-12 21:02:48.267631
a634ce1c-2652-4d28-9625-1aefd786452b	693d7914-19ee-473f-b781-2abf591a2d24	348.95001221	2026-04-12 21:02:48.922424
955d6d4e-c45d-416f-aa01-c0fa8072866f	6db8ad62-2f3d-47e5-9f5b-172f72796b39	149.67999268	2026-04-12 21:02:49.69829
9d55de63-6673-4155-8d59-9c5f5c83a254	71ad93f3-31ce-48a8-bd55-de6f2f0a22f5	62.38000107	2026-04-12 21:02:50.385765
b32096d7-7727-4589-a494-df9991b429b7	7cea3f1f-376a-4ef5-b9b6-6b796fb73c57	103.01000214	2026-04-12 21:02:51.065475
4f8c10eb-7051-4eed-bb20-983f4ed4ef00	87b1aac2-6693-4cf9-b1b1-46efb415f871	45.24000168	2026-04-12 21:02:51.750454
16476954-2f44-4b09-a8c1-33e8be5f1552	96ce9d82-6026-4263-8575-83c8594bc857	110.13999939	2026-04-12 21:02:52.457075
cea7b8e4-2a28-41f6-808b-71f24b95296c	a60d62fb-5c02-4531-90dc-5e18d776eb07	370.86999512	2026-04-12 21:02:53.142329
c717f8e5-77f0-4c49-b163-7465fe62b25d	a63cc413-cc1c-45fd-98e4-0cf05fa3ff46	188.63000488	2026-04-12 21:02:53.805962
f5844525-2467-428a-b33a-7927e9486fab	ab2e4ce6-a736-4027-b0ae-b233ba882db2	99.16999817	2026-04-12 21:06:44.609773
b07b16fa-ca61-4b3d-bf59-67edeb0adada	b347ffb5-16e7-4a76-aa01-9ebc296dca7b	629.85998535	2026-04-12 21:06:45.284694
4c0743ed-7fea-41cb-995e-f71490c1a7dd	c70afc82-67cf-43c0-a6d7-987d60fcf574	137.80000305	2026-04-12 21:06:45.971159
f13ca1d7-18ad-44be-bab3-3f3bb2366580	c8b6eeeb-a877-45d9-8005-cdacb31fd329	304.35998535	2026-04-12 21:06:46.680779
674665fb-26db-4429-9bc8-88bfcfdffebe	dd3a7f04-94cd-43fe-8a6b-17cb10722bf5	229.44999695	2026-04-12 21:06:47.375521
fb5eac84-601b-478f-995e-ccf25adc59ae	fafaedd2-3a70-4be8-b4b5-37159a255790	260.48001099	2026-04-12 21:06:48.115321
3421e731-f8e5-449c-bdb9-87154ce4c5d1	05a2f16a-df0a-434b-ba8b-5cfe791aaea4	1.14500000	2026-04-12 21:06:48.741406
d803b190-06b7-42f7-bf7e-a31e6ce5c9fc	0d125a30-ebfb-4afd-bdec-d8c2af899b06	53.88000107	2026-04-12 21:06:49.446817
722fbfe5-90ef-4876-821b-7cf26c73388c	12a1b046-b009-463d-b04a-19e4ac69715f	238.38000488	2026-04-12 21:06:50.111222
8a5daccc-6e98-48ed-96c4-3cf444ca5c6d	18ebc3fd-9550-4f1e-879b-8868f819bf50	377.29998779	2026-04-12 21:06:50.821684
04d547b6-ed1d-4d69-b54f-1c35530db108	28328a5a-252c-4a27-9a73-5aca097a1148	22.42000008	2026-04-12 21:06:52.170003
232823c2-9435-4dd5-a01c-22995a2767b2	33a0e0e5-1154-441a-af29-aaa348855806	1463.80004883	2026-04-12 21:06:52.867811
e7e8897a-7c42-4d07-8ed2-5a86461cf8c0	4098f6e8-9183-462a-84c1-715bdbb139a3	317.23999023	2026-04-12 21:06:53.549553
e7e732e9-bb89-409e-b795-a832c2d2ec07	468e115c-9efd-4f31-a301-b7114a7f1c67	7.94399977	2026-04-12 21:06:54.245765
2b45e34d-1626-4f89-b63d-ba94dbf9e380	56d6ef01-d96d-4337-8ab1-1a4802e68b74	163.10000610	2026-04-12 21:06:54.922529
c6b0dbcc-ef78-4ec5-a8e6-7687500608e1	6215418d-239e-4413-ba26-e950ddd4fc66	1478.28002930	2026-04-12 21:06:55.616497
6a73f4eb-eab0-4a52-a633-0534eef25cea	693d7914-19ee-473f-b781-2abf591a2d24	348.95001221	2026-04-12 21:06:56.285545
32ddcc90-1185-4faa-bd83-bcdb581308ec	6db8ad62-2f3d-47e5-9f5b-172f72796b39	149.67999268	2026-04-12 21:06:57.033782
45abad67-30d1-4121-a490-67155863f5a0	71ad93f3-31ce-48a8-bd55-de6f2f0a22f5	62.38000107	2026-04-12 21:06:57.720236
e63f5d51-420d-486b-b6a1-3e58ab0d1463	7cea3f1f-376a-4ef5-b9b6-6b796fb73c57	103.01000214	2026-04-12 21:06:58.371514
a60cb80a-a3da-4ff2-9a5d-7f66ccee6702	87b1aac2-6693-4cf9-b1b1-46efb415f871	45.24000168	2026-04-12 21:06:59.033672
10226575-7557-441d-a5c6-6362d5e31aad	96ce9d82-6026-4263-8575-83c8594bc857	110.13999939	2026-04-12 21:06:59.728404
0d2fc0c1-c986-4d22-97b4-d756f0ab19f7	a60d62fb-5c02-4531-90dc-5e18d776eb07	370.86999512	2026-04-12 21:07:00.421394
f3e54c46-bdaa-42d2-97a4-75aba96ac9c7	a63cc413-cc1c-45fd-98e4-0cf05fa3ff46	188.63000488	2026-04-12 21:07:01.092765
ba52100e-7100-4148-a7ed-c4fff736ad3a	ab2e4ce6-a736-4027-b0ae-b233ba882db2	99.16999817	2026-04-12 21:07:41.879979
330bb2be-7799-4cef-aa36-9779b25ad3fe	b347ffb5-16e7-4a76-aa01-9ebc296dca7b	629.85998535	2026-04-12 21:07:42.543474
df79c4fa-459d-48d7-823e-510200f6e7ed	c70afc82-67cf-43c0-a6d7-987d60fcf574	137.80000305	2026-04-12 21:07:43.234796
d8ce2fec-9802-4999-80b6-26b3f727edec	c8b6eeeb-a877-45d9-8005-cdacb31fd329	304.35998535	2026-04-12 21:07:43.899133
c79419bb-e9bc-400d-a6bf-a16a6275b22b	dd3a7f04-94cd-43fe-8a6b-17cb10722bf5	229.44999695	2026-04-12 21:07:44.583195
968058d8-d383-43b3-8df4-a0eb05b3fbdb	fafaedd2-3a70-4be8-b4b5-37159a255790	260.48001099	2026-04-12 21:07:45.289506
ae471a1a-cc48-4c83-84e4-29b351fa6fd0	05a2f16a-df0a-434b-ba8b-5cfe791aaea4	1.14500000	2026-04-12 21:07:46.611711
ddce571b-1544-4f49-974e-9771185fe249	0d125a30-ebfb-4afd-bdec-d8c2af899b06	53.88000107	2026-04-12 21:07:47.323861
c7a4487a-3bd1-45a1-8a90-c66285c65df5	12a1b046-b009-463d-b04a-19e4ac69715f	238.38000488	2026-04-12 21:07:47.984286
e4b8a937-1589-49ee-99fc-84f838e055ce	18ebc3fd-9550-4f1e-879b-8868f819bf50	377.29998779	2026-04-12 21:07:48.685342
ba18568d-dbd9-43a9-a25a-05ff862a45f8	28328a5a-252c-4a27-9a73-5aca097a1148	22.42000008	2026-04-12 21:07:49.352204
34ab7c28-ca6f-4d6f-9280-6ee572476d14	33a0e0e5-1154-441a-af29-aaa348855806	1463.80004883	2026-04-12 21:07:50.06972
edabf6c7-72f5-4c6a-8f62-75ffa95aa97f	4098f6e8-9183-462a-84c1-715bdbb139a3	317.23999023	2026-04-12 21:07:50.741417
2ad8351a-48bb-41b9-b451-6ea2dfbc2e7f	468e115c-9efd-4f31-a301-b7114a7f1c67	7.94399977	2026-04-12 21:07:51.435554
8c274f5c-f36b-4fcd-ba20-ee409e844bbc	56d6ef01-d96d-4337-8ab1-1a4802e68b74	163.10000610	2026-04-12 21:07:52.121282
0148fcc1-84f6-48bc-9fca-39457010f615	6215418d-239e-4413-ba26-e950ddd4fc66	1478.28002930	2026-04-12 21:07:52.794752
011e7b74-35b2-4a61-b0ca-02bda6c8afe9	693d7914-19ee-473f-b781-2abf591a2d24	348.95001221	2026-04-12 21:07:53.454505
56a19232-5602-4c24-894c-4f0e6d8634a1	6db8ad62-2f3d-47e5-9f5b-172f72796b39	149.67999268	2026-04-12 21:07:54.183658
31e2c110-34e2-46a3-96fc-91ddca5dc631	71ad93f3-31ce-48a8-bd55-de6f2f0a22f5	62.38000107	2026-04-12 21:07:54.856427
a8a22e27-e413-4c47-ab56-4e84b9492ef2	7cea3f1f-376a-4ef5-b9b6-6b796fb73c57	103.01000214	2026-04-12 21:07:55.545396
29b731e8-5c4e-436d-ae4b-9d0e87ddd786	87b1aac2-6693-4cf9-b1b1-46efb415f871	45.24000168	2026-04-12 21:07:56.203185
1507990e-9b03-478f-9c64-8f0c6017d4d0	96ce9d82-6026-4263-8575-83c8594bc857	110.13999939	2026-04-12 21:07:56.903195
dea75166-9f14-422a-ba51-39d2b460cb9a	a60d62fb-5c02-4531-90dc-5e18d776eb07	370.86999512	2026-04-12 21:07:57.593183
f19f8129-c6d9-40b0-be18-0baed257b4bc	a63cc413-cc1c-45fd-98e4-0cf05fa3ff46	188.63000488	2026-04-12 21:07:58.270103
8ceaf0c1-7682-4368-8eb2-9e92d3b13633	ab2e4ce6-a736-4027-b0ae-b233ba882db2	99.16999817	2026-04-12 21:08:09.426247
04d9f7e1-f4b9-422c-893d-9b0391271d0d	b347ffb5-16e7-4a76-aa01-9ebc296dca7b	629.85998535	2026-04-12 21:08:10.101651
b93d43e3-1009-4aa5-9701-5f9b3f77b295	c70afc82-67cf-43c0-a6d7-987d60fcf574	137.80000305	2026-04-12 21:08:10.835935
f4117395-e983-47d3-9681-a8f55f27d7a2	c8b6eeeb-a877-45d9-8005-cdacb31fd329	304.35998535	2026-04-12 21:08:11.528
e1a4d9a3-5bcb-4ca4-9747-7e72883b608f	dd3a7f04-94cd-43fe-8a6b-17cb10722bf5	229.44999695	2026-04-12 21:08:12.228036
ac6394e8-73ca-427e-aa31-70f9582a2d03	fafaedd2-3a70-4be8-b4b5-37159a255790	260.48001099	2026-04-12 21:08:12.938832
ee699352-a998-4792-a8ef-455d6fd57dbc	05a2f16a-df0a-434b-ba8b-5cfe791aaea4	1.14500000	2026-04-12 21:08:14.251778
e978e99c-7f23-4496-96ac-817bd4330878	0d125a30-ebfb-4afd-bdec-d8c2af899b06	53.88000107	2026-04-12 21:08:14.953032
658cb33d-9e7e-446e-b708-bf5823560989	12a1b046-b009-463d-b04a-19e4ac69715f	238.38000488	2026-04-12 21:08:15.617604
48a67cd7-7e87-4e48-bab6-189508e11573	18ebc3fd-9550-4f1e-879b-8868f819bf50	377.29998779	2026-04-12 21:08:16.310892
c8f6ae40-9c73-4cd7-bfa1-15a9803cfb62	28328a5a-252c-4a27-9a73-5aca097a1148	22.42000008	2026-04-12 21:08:16.992197
6d25fa69-5f05-4362-a6f6-bce013457080	33a0e0e5-1154-441a-af29-aaa348855806	1463.80004883	2026-04-12 21:08:17.700963
9b5921fc-75c2-4b6e-87b8-bb5adcc7da3b	4098f6e8-9183-462a-84c1-715bdbb139a3	317.23999023	2026-04-12 21:08:18.371968
bd292213-c5a9-41f3-988f-2d27f05f668a	468e115c-9efd-4f31-a301-b7114a7f1c67	7.94399977	2026-04-12 21:08:19.050674
2e270f9a-d8e6-4110-96ff-004b34f7084a	56d6ef01-d96d-4337-8ab1-1a4802e68b74	163.10000610	2026-04-12 21:08:19.735904
6f71722a-88ac-4327-8480-a7251032f66e	6215418d-239e-4413-ba26-e950ddd4fc66	1478.28002930	2026-04-12 21:08:20.430446
7f0ea2d9-e366-4c76-a3f1-ed2bc8776dad	693d7914-19ee-473f-b781-2abf591a2d24	348.95001221	2026-04-12 21:08:21.166262
ca188122-ba9b-419c-a0e8-be2de3a12372	6db8ad62-2f3d-47e5-9f5b-172f72796b39	149.67999268	2026-04-12 21:08:22.001812
1a44f2ed-ba72-4624-b3c4-82aca6f47606	71ad93f3-31ce-48a8-bd55-de6f2f0a22f5	62.38000107	2026-04-12 21:08:22.721036
2fc4a907-2165-42f4-85c3-d528a7412c43	7cea3f1f-376a-4ef5-b9b6-6b796fb73c57	103.01000214	2026-04-12 21:08:23.393644
6498a404-f856-4ec7-80af-d293d69f1d29	87b1aac2-6693-4cf9-b1b1-46efb415f871	45.24000168	2026-04-12 21:08:24.056978
ad4fc470-7860-48ef-8921-b1147fcc209f	96ce9d82-6026-4263-8575-83c8594bc857	110.13999939	2026-04-12 21:08:24.732533
517ad21a-5926-4200-a435-21f37036b42f	a60d62fb-5c02-4531-90dc-5e18d776eb07	370.86999512	2026-04-12 21:08:25.428673
7c1b8a90-e4cb-4431-badb-4eb9d7169bac	a63cc413-cc1c-45fd-98e4-0cf05fa3ff46	188.63000488	2026-04-12 21:08:26.109695
12acfbec-9ea1-4acc-8200-78ba4dca1936	ab2e4ce6-a736-4027-b0ae-b233ba882db2	99.16999817	2026-04-12 21:09:28.442895
90a226e2-8690-4970-9fec-2e9ada277ed8	b347ffb5-16e7-4a76-aa01-9ebc296dca7b	629.85998535	2026-04-12 21:09:29.127275
4ea307c5-4c19-4a4b-82e3-7a16f115cf23	c70afc82-67cf-43c0-a6d7-987d60fcf574	137.80000305	2026-04-12 21:09:29.836061
77775fb6-c11d-48e6-86cf-3f552b076e2f	c8b6eeeb-a877-45d9-8005-cdacb31fd329	304.35998535	2026-04-12 21:09:30.516483
edb873c3-0687-450a-8e63-da4176b6c176	dd3a7f04-94cd-43fe-8a6b-17cb10722bf5	229.44999695	2026-04-12 21:09:31.210401
08c5264d-cc28-4b32-a230-ed5b3144bc60	fafaedd2-3a70-4be8-b4b5-37159a255790	260.48001099	2026-04-12 21:09:31.912753
a16b2a32-4d03-481d-9243-77bea4b17922	05a2f16a-df0a-434b-ba8b-5cfe791aaea4	1.14500000	2026-04-12 21:09:32.549104
0859493d-4860-4a3e-adb8-d55f10492bcd	0d125a30-ebfb-4afd-bdec-d8c2af899b06	53.88000107	2026-04-12 21:09:33.246397
995e5bc1-9a38-4a4d-95f3-f8925489b063	12a1b046-b009-463d-b04a-19e4ac69715f	238.38000488	2026-04-12 21:09:33.925437
23972ff7-b013-498d-8cf4-a1831f5d4989	18ebc3fd-9550-4f1e-879b-8868f819bf50	377.29998779	2026-04-12 21:09:34.635695
64b370e7-c459-4cab-8ab5-3d5a64bff8e4	28328a5a-252c-4a27-9a73-5aca097a1148	22.42000008	2026-04-12 21:09:35.970058
a81951a7-5929-4825-9a21-8ef0b71237a1	33a0e0e5-1154-441a-af29-aaa348855806	1463.80004883	2026-04-12 21:09:36.649467
b86af7bc-c265-46ad-927a-bc337af92dec	4098f6e8-9183-462a-84c1-715bdbb139a3	317.23999023	2026-04-12 21:09:37.320381
5433296d-5f53-4762-8a6d-d4f040e96313	468e115c-9efd-4f31-a301-b7114a7f1c67	7.94399977	2026-04-12 21:09:38.012649
7d4e1bb9-1637-441b-b23a-c6432dc5ff80	56d6ef01-d96d-4337-8ab1-1a4802e68b74	163.10000610	2026-04-12 21:09:38.721699
1e7bea0a-487c-4f77-ae73-9ce7e356975d	6215418d-239e-4413-ba26-e950ddd4fc66	1478.28002930	2026-04-12 21:09:39.403079
a058b8c4-1a39-48b1-8580-568d3121be1b	693d7914-19ee-473f-b781-2abf591a2d24	348.95001221	2026-04-12 21:09:40.069323
4ee0a334-e07d-49f1-b749-88e5f42dec3f	6db8ad62-2f3d-47e5-9f5b-172f72796b39	149.67999268	2026-04-12 21:09:40.801478
21cb8afd-11ab-49c7-b769-9298aef5ab28	71ad93f3-31ce-48a8-bd55-de6f2f0a22f5	62.38000107	2026-04-12 21:09:41.50018
2c8e6acb-c0c9-4f78-8295-0f3c1c01fb17	7cea3f1f-376a-4ef5-b9b6-6b796fb73c57	103.01000214	2026-04-12 21:09:42.170327
f15bdc84-032d-4f39-89bc-0ecccd7969b8	87b1aac2-6693-4cf9-b1b1-46efb415f871	45.24000168	2026-04-12 21:09:42.833012
c06d6a96-b93f-43a3-9e18-4f2f6187e0b8	96ce9d82-6026-4263-8575-83c8594bc857	110.13999939	2026-04-12 21:09:43.552557
9937265f-bf33-42c9-bf24-39d50ac460aa	a60d62fb-5c02-4531-90dc-5e18d776eb07	370.86999512	2026-04-12 21:09:44.232501
67f6913c-27d9-4cad-b4db-6e781f20d961	a63cc413-cc1c-45fd-98e4-0cf05fa3ff46	188.63000488	2026-04-12 21:09:44.913297
89421334-92ac-4f10-8a01-70573c6e8d8b	ab2e4ce6-a736-4027-b0ae-b233ba882db2	99.16999817	2026-04-12 21:20:00.549164
612369ab-d6d9-4ccd-b8c6-af3e42446085	b347ffb5-16e7-4a76-aa01-9ebc296dca7b	629.85998535	2026-04-12 21:20:01.224295
6f13472a-8aa3-4794-9efe-de767493230e	c70afc82-67cf-43c0-a6d7-987d60fcf574	137.80000305	2026-04-12 21:20:01.93146
1ebacd84-09bd-4ca1-8ae3-4ceb4efd8127	c8b6eeeb-a877-45d9-8005-cdacb31fd329	304.35998535	2026-04-12 21:20:02.619048
845b0b28-ae6a-41ce-b6de-43d46cbea369	dd3a7f04-94cd-43fe-8a6b-17cb10722bf5	229.44999695	2026-04-12 21:20:03.327787
1ddd4035-3c49-4251-8498-11326ca5d720	fafaedd2-3a70-4be8-b4b5-37159a255790	260.48001099	2026-04-12 21:20:04.028328
21f8b15c-10f3-40cf-8c38-cb74e44424cc	05a2f16a-df0a-434b-ba8b-5cfe791aaea4	1.14500000	2026-04-12 21:20:05.352873
18d68cdb-80cc-4443-8a52-139862d32a91	0d125a30-ebfb-4afd-bdec-d8c2af899b06	53.88000107	2026-04-12 21:20:06.084618
1e954765-76aa-4f9a-9263-1902621739d3	12a1b046-b009-463d-b04a-19e4ac69715f	238.38000488	2026-04-12 21:20:06.742625
1dc3db7f-841e-4d12-9b7a-71b2d70305ff	18ebc3fd-9550-4f1e-879b-8868f819bf50	377.29998779	2026-04-12 21:20:07.441019
f3281110-377d-41a1-8d56-0cdeb2dc6bd0	28328a5a-252c-4a27-9a73-5aca097a1148	22.42000008	2026-04-12 21:20:08.104246
0f049584-811e-4380-9277-1b01a1571bc9	33a0e0e5-1154-441a-af29-aaa348855806	1463.80004883	2026-04-12 21:20:08.81782
f38d9760-8b82-4a20-8dae-ee1bf540d84b	4098f6e8-9183-462a-84c1-715bdbb139a3	317.23999023	2026-04-12 21:20:09.494534
abb6e6c1-1141-4f84-a1bb-a99fdc3c0d33	468e115c-9efd-4f31-a301-b7114a7f1c67	7.94399977	2026-04-12 21:20:10.182168
67953c34-e8a9-4a77-800d-718e6e1a52a3	56d6ef01-d96d-4337-8ab1-1a4802e68b74	163.10000610	2026-04-12 21:20:10.900674
6fa720dc-404a-49bb-bfca-134214c9fc0a	6215418d-239e-4413-ba26-e950ddd4fc66	1478.28002930	2026-04-12 21:20:11.583336
4e699f77-c498-4ec4-897e-69bad196a76e	693d7914-19ee-473f-b781-2abf591a2d24	348.95001221	2026-04-12 21:20:12.241912
c8e6e37c-c815-4a4b-a6ca-57ec19f03497	6db8ad62-2f3d-47e5-9f5b-172f72796b39	149.67999268	2026-04-12 21:20:12.988091
501f8dfb-91aa-4cff-9ffc-010d03c69fae	71ad93f3-31ce-48a8-bd55-de6f2f0a22f5	62.38000107	2026-04-12 21:20:13.682468
e8646601-3bee-4276-924a-4ec913521154	7cea3f1f-376a-4ef5-b9b6-6b796fb73c57	103.01000214	2026-04-12 21:20:14.350591
34e6aed5-00f1-4820-9f02-24aa92aa4ceb	87b1aac2-6693-4cf9-b1b1-46efb415f871	45.24000168	2026-04-12 21:20:15.019213
ebcd9231-13a2-40fd-b121-4fe8d5dfec7d	96ce9d82-6026-4263-8575-83c8594bc857	110.13999939	2026-04-12 21:20:15.71972
89a33520-7538-4162-8334-54fe599af2d5	a60d62fb-5c02-4531-90dc-5e18d776eb07	370.86999512	2026-04-12 21:20:16.439345
249c8814-3d34-4c3c-8e16-a201eb37c625	a63cc413-cc1c-45fd-98e4-0cf05fa3ff46	188.63000488	2026-04-12 21:20:17.110769
7a706410-fd8d-434b-9f59-74f8af7c6ade	ab2e4ce6-a736-4027-b0ae-b233ba882db2	99.16999817	2026-04-12 21:30:03.529398
61ea0441-fd05-4044-8930-e59f138f9bc5	b347ffb5-16e7-4a76-aa01-9ebc296dca7b	629.85998535	2026-04-12 21:30:04.192298
bac10973-e25f-464c-82db-cb1ba9055ad8	c70afc82-67cf-43c0-a6d7-987d60fcf574	137.80000305	2026-04-12 21:30:04.949284
1b715221-9aba-4025-929d-db1306824f50	c8b6eeeb-a877-45d9-8005-cdacb31fd329	304.35998535	2026-04-12 21:30:05.649108
a7abea8c-fa58-4e12-b6cd-5467101dad6d	dd3a7f04-94cd-43fe-8a6b-17cb10722bf5	229.44999695	2026-04-12 21:30:06.365834
8dd209da-65ad-4fd2-9c3c-41fed79b7043	fafaedd2-3a70-4be8-b4b5-37159a255790	260.48001099	2026-04-12 21:30:07.098166
62445581-bfe6-4701-90e7-8dcfbad8c191	05a2f16a-df0a-434b-ba8b-5cfe791aaea4	1.14500000	2026-04-12 21:30:08.411578
ae56da33-1e71-4774-a2e8-6574d352b379	0d125a30-ebfb-4afd-bdec-d8c2af899b06	53.88000107	2026-04-12 21:30:09.112829
6f7cf987-418b-4b54-9a9f-57bb3f035d53	12a1b046-b009-463d-b04a-19e4ac69715f	238.38000488	2026-04-12 21:30:09.805362
ccf274ae-a5bc-4a9f-b807-2fda29c530a0	18ebc3fd-9550-4f1e-879b-8868f819bf50	377.29998779	2026-04-12 21:30:10.513595
a3af3816-0eb3-4e1c-9348-7c4d8814a6b5	28328a5a-252c-4a27-9a73-5aca097a1148	22.42000008	2026-04-12 21:30:11.187673
2d9e7a96-299c-4251-959f-dcb3a8750b66	33a0e0e5-1154-441a-af29-aaa348855806	1463.80004883	2026-04-12 21:30:11.877069
7dbe34b3-3565-4747-a340-9f084f6ca545	4098f6e8-9183-462a-84c1-715bdbb139a3	317.23999023	2026-04-12 21:30:12.555149
98f0dd8e-8bb9-425b-af37-1efe27b7c8fc	468e115c-9efd-4f31-a301-b7114a7f1c67	7.94399977	2026-04-12 21:30:13.232067
77ca8c91-1f02-4402-95a4-ac605940277d	56d6ef01-d96d-4337-8ab1-1a4802e68b74	163.10000610	2026-04-12 21:30:13.947143
e46ba97e-d347-4105-b815-595d6bb845e8	6215418d-239e-4413-ba26-e950ddd4fc66	1478.28002930	2026-04-12 21:30:14.637762
69fc7d83-8d27-4972-9eac-0cf3b3d3d190	693d7914-19ee-473f-b781-2abf591a2d24	348.95001221	2026-04-12 21:30:15.303684
8af1fe5c-446b-4c5b-8a08-c338fa635a59	6db8ad62-2f3d-47e5-9f5b-172f72796b39	149.67999268	2026-04-12 21:30:16.078106
6a73349a-77ed-4961-8fc2-1a83c5236ff4	71ad93f3-31ce-48a8-bd55-de6f2f0a22f5	62.38000107	2026-04-12 21:30:16.785662
a78136d2-7716-4471-b27a-991bcf0f9f3b	7cea3f1f-376a-4ef5-b9b6-6b796fb73c57	103.01000214	2026-04-12 21:30:17.462435
2d1088b3-17e6-43d0-bb0d-10430b9c7044	87b1aac2-6693-4cf9-b1b1-46efb415f871	45.24000168	2026-04-12 21:30:18.129083
7a15b108-b967-4c0a-a05e-89dcf3a67e66	96ce9d82-6026-4263-8575-83c8594bc857	110.13999939	2026-04-12 21:30:18.819085
4202d5d1-d14c-4724-bafd-59d24faaf85e	a60d62fb-5c02-4531-90dc-5e18d776eb07	370.86999512	2026-04-12 21:30:19.516254
a24ee258-a5c6-4d2d-9080-f42c65cf7332	a63cc413-cc1c-45fd-98e4-0cf05fa3ff46	188.63000488	2026-04-12 21:30:20.195637
\.


--
-- Data for Name: assets; Type: TABLE DATA; Schema: public; Owner: admin
--

COPY public.assets (id, symbol, name, asset_type, isin, currency, last_api_update) FROM stdin;
ab2e4ce6-a736-4027-b0ae-b233ba882db2	DIS	WALT DISNEY CO/THE	common stock	\N	USD	2026-04-12 21:30:03.529468
b347ffb5-16e7-4a76-aa01-9ebc296dca7b	META	META PLATFORMS INC-CLASS A	common stock	\N	USD	2026-04-12 21:30:04.192371
c70afc82-67cf-43c0-a6d7-987d60fcf574	ADS.DE	adidas AG	equity	DE000A1EWWW0	EUR	2026-04-12 21:30:04.949374
c8b6eeeb-a877-45d9-8005-cdacb31fd329	V	VISA INC-CLASS A SHARES	common stock	\N	USD	2026-04-12 21:30:05.649168
dd3a7f04-94cd-43fe-8a6b-17cb10722bf5	SIE.DE	Siemens Aktiengesellschaft	equity	\N	EUR	2026-04-12 21:30:06.365884
fafaedd2-3a70-4be8-b4b5-37159a255790	AAPL	Apple Inc.	equity	US0378331005	USD	2026-04-12 21:30:07.098238
05a2f16a-df0a-434b-ba8b-5cfe791aaea4	RHM	RHEINMETALL AG	common stock	DE0007030009	USD	2026-04-12 21:30:08.411757
0d125a30-ebfb-4afd-bdec-d8c2af899b06	MBG.DE	Mercedes-Benz Group AG	equity	\N	EUR	2026-04-12 21:30:09.112919
12a1b046-b009-463d-b04a-19e4ac69715f	AMZN	Amazon.com, Inc.	equity	US0231351067	USD	2026-04-12 21:30:09.805413
18ebc3fd-9550-4f1e-879b-8868f819bf50	ALV.DE	Allianz SE	equity	\N	EUR	2026-04-12 21:30:10.513672
84e43d0b-7e88-47eb-8ab9-cfc81543b142	SIE	SIEMENS AG-REG	common stock	DE0007236101	USD	2026-04-12 00:32:26.50179
28328a5a-252c-4a27-9a73-5aca097a1148	MBG	MERCEDES-BENZ GROUP AG	common stock	DE0007100000	USD	2026-04-12 21:30:11.187808
33a0e0e5-1154-441a-af29-aaa348855806	RHM.DE	Rheinmetall AG	equity	DE0007030009	EUR	2026-04-12 21:30:11.877138
4098f6e8-9183-462a-84c1-715bdbb139a3	GOOGL	Alphabet Inc.	equity	\N	USD	2026-04-12 21:30:12.555213
468e115c-9efd-4f31-a301-b7114a7f1c67	LHA.DE	Deutsche Lufthansa AG	equity	DE0008232125	EUR	2026-04-12 21:30:13.232121
56d6ef01-d96d-4337-8ab1-1a4802e68b74	SAP	SAP SE-SPONSORED ADR	adr	\N	USD	2026-04-12 21:30:13.947199
6215418d-239e-4413-ba26-e950ddd4fc66	ASML	ASML HOLDING NV-NY REG SHS	ny reg shrs	\N	USD	2026-04-12 21:30:14.637828
693d7914-19ee-473f-b781-2abf591a2d24	TSLA	TESLA INC	common stock	US88160R1014	USD	2026-04-12 21:30:15.303737
6db8ad62-2f3d-47e5-9f5b-172f72796b39	DTE	DTE ENERGY COMPANY	common stock	DE0005557508	USD	2026-04-12 21:30:16.078168
71ad93f3-31ce-48a8-bd55-de6f2f0a22f5	INTC	INTEL CORP	common stock	US4581401001	USD	2026-04-12 21:30:16.785709
7cea3f1f-376a-4ef5-b9b6-6b796fb73c57	NFLX	NETFLIX INC	common stock	US64110L1061	USD	2026-04-12 21:30:17.462493
87b1aac2-6693-4cf9-b1b1-46efb415f871	PYPL	PAYPAL HOLDINGS INC	common stock	\N	USD	2026-04-12 21:30:18.129142
96ce9d82-6026-4263-8575-83c8594bc857	ALV	ALLIANZ SE-REG	common stock	DE0008404005	USD	2026-04-12 21:30:18.819139
a60d62fb-5c02-4531-90dc-5e18d776eb07	MSFT	Microsoft Corporation	equity	US5949181045	USD	2026-04-12 21:30:19.516317
a63cc413-cc1c-45fd-98e4-0cf05fa3ff46	NVDA	NVIDIA CORP	common stock	\N	USD	2026-04-12 21:30:20.195696
\.


--
-- Data for Name: portfolio_items; Type: TABLE DATA; Schema: public; Owner: admin
--

COPY public.portfolio_items (id, portfolio_id, asset_id, quantity, avg_cost_price) FROM stdin;
c9622ceb-2097-45cf-aa13-db7b83355713	87b6a895-e332-420b-a9ad-18e36fa7989b	fafaedd2-3a70-4be8-b4b5-37159a255790	23.00000000	850.7500
fcd0b4af-b833-45a3-8da4-eb6c5307c23b	892fd73a-e43b-4cfe-818b-b03a0c854c05	4098f6e8-9183-462a-84c1-715bdbb139a3	5.00000000	155.2000
2f263d88-6aa9-40e5-b635-bce12899a9b6	892fd73a-e43b-4cfe-818b-b03a0c854c05	12a1b046-b009-463d-b04a-19e4ac69715f	3.00000000	178.4500
1ecc7eec-e23c-4a8d-a741-991a47486a6e	892fd73a-e43b-4cfe-818b-b03a0c854c05	7cea3f1f-376a-4ef5-b9b6-6b796fb73c57	3.00000000	178.4500
e9995144-22e8-4e35-a4b4-e70307437e73	892fd73a-e43b-4cfe-818b-b03a0c854c05	b347ffb5-16e7-4a76-aa01-9ebc296dca7b	3.00000000	178.4500
5a3b6c52-3f4f-4b8a-8d28-e30c4da3a7e8	892fd73a-e43b-4cfe-818b-b03a0c854c05	87b1aac2-6693-4cf9-b1b1-46efb415f871	3.00000000	178.4500
9bf68132-ef7d-4f6a-bbfb-c4d468ca809a	892fd73a-e43b-4cfe-818b-b03a0c854c05	71ad93f3-31ce-48a8-bd55-de6f2f0a22f5	15.00000000	35.5000
18077121-c802-4a91-807d-94eec9a44d5a	b33ebcc0-d68b-48d4-ab54-8a49e74460d5	18ebc3fd-9550-4f1e-879b-8868f819bf50	5.00000000	10.0000
3d83ed82-406b-4093-90cb-3f49b6766f20	892fd73a-e43b-4cfe-818b-b03a0c854c05	fafaedd2-3a70-4be8-b4b5-37159a255790	32.00000000	125.1286
ca4f3745-9989-4bd6-b3ab-cb327c9127a0	b33ebcc0-d68b-48d4-ab54-8a49e74460d5	a60d62fb-5c02-4531-90dc-5e18d776eb07	5.00000000	135.0000
a169b0d3-e747-41e9-8268-76361b40af33	b33ebcc0-d68b-48d4-ab54-8a49e74460d5	fafaedd2-3a70-4be8-b4b5-37159a255790	7.00000000	10.0000
668ca86a-408a-4d7f-86c0-af927575333b	b33ebcc0-d68b-48d4-ab54-8a49e74460d5	c70afc82-67cf-43c0-a6d7-987d60fcf574	3.00000000	10.0000
681c1861-7666-4545-af8b-43ca08dd2ce5	22f385c6-d012-4ee4-a116-bd3fbb79259e	a63cc413-cc1c-45fd-98e4-0cf05fa3ff46	10.50000000	175.2000
3aa78330-c41d-4ca0-b4b4-dfc80b430557	22f385c6-d012-4ee4-a116-bd3fbb79259e	6215418d-239e-4413-ba26-e950ddd4fc66	10.50000000	175.2000
f44344dc-a7b2-4612-9ab5-d98cfa4e5687	22f385c6-d012-4ee4-a116-bd3fbb79259e	c8b6eeeb-a877-45d9-8005-cdacb31fd329	10.50000000	175.2000
9fd506cb-a9ea-4fab-9f30-65c2126ddd40	22f385c6-d012-4ee4-a116-bd3fbb79259e	7cea3f1f-376a-4ef5-b9b6-6b796fb73c57	5.00000000	610.5000
723cd2c2-a8eb-4c7e-9b40-a9663f60d686	22f385c6-d012-4ee4-a116-bd3fbb79259e	fafaedd2-3a70-4be8-b4b5-37159a255790	17.00000000	175.2000
\.


--
-- Data for Name: portfolios; Type: TABLE DATA; Schema: public; Owner: admin
--

COPY public.portfolios (id, user_id, name, description, created_at) FROM stdin;
892fd73a-e43b-4cfe-818b-b03a0c854c05	04ff28e8-73e2-48f4-aa1d-969fca80e226	altersvorsorge	Hier sind diverse Langzeitinvestments	2026-04-09 16:15:20.066189
87b6a895-e332-420b-a9ad-18e36fa7989b	dc43ad43-5aae-4906-80aa-9653c7a5a548	string	string	2026-04-09 17:37:53.559779
22f385c6-d012-4ee4-a116-bd3fbb79259e	04ff28e8-73e2-48f4-aa1d-969fca80e226	Voba Depot	Alle Aktien auf der Volksbank	2026-04-11 08:26:18.092448
4cefb592-65fb-45c6-9036-2f02099c9f12	9ecd1996-aafd-4e00-98ca-bcf4c1fa84b7	Jannis mieft		2026-04-11 09:16:18.155775
b33ebcc0-d68b-48d4-ab54-8a49e74460d5	2419ee7f-6eac-4846-938f-e09b7b5e4ab5	Dividende		2026-04-12 08:32:41.113075
\.


--
-- Data for Name: transactions; Type: TABLE DATA; Schema: public; Owner: admin
--

COPY public.transactions (id, portfolio_id, asset_id, type, quantity, price_per_unit, fees, total_amount, currency, transaction_date, realized_pnl, exchange_rate) FROM stdin;
8b2e7ecd-b5d6-42f5-a0b3-02bd399db6cb	b33ebcc0-d68b-48d4-ab54-8a49e74460d5	c70afc82-67cf-43c0-a6d7-987d60fcf574	SELL	5.00000000	137.8000	0.0000	689.0000	EUR	2026-04-12 20:49:21.106403	\N	1.00000000
24edabfd-dbbe-4dcb-80d9-8191dc76cbdc	b33ebcc0-d68b-48d4-ab54-8a49e74460d5	fafaedd2-3a70-4be8-b4b5-37159a255790	SELL	5.00000000	260.4800	0.0000	1302.4001	USD	2026-04-12 20:50:48.637402	\N	1.00000000
b34052bd-8e1d-4219-bd55-c5911c99d7a1	b33ebcc0-d68b-48d4-ab54-8a49e74460d5	18ebc3fd-9550-4f1e-879b-8868f819bf50	SELL	5.00000000	377.3000	0.0000	1886.4999	EUR	2026-04-12 20:58:40.57061	1836.4999	1.00000000
2d5f6fb6-322b-47be-a1b3-791c93c91a83	b33ebcc0-d68b-48d4-ab54-8a49e74460d5	fafaedd2-3a70-4be8-b4b5-37159a255790	SELL	3.00000000	260.4800	0.0000	781.4400	USD	2026-04-12 20:59:27.884641	751.4400	0.85369998
ef00b30b-3c62-4a6d-8a23-c7f762c72c34	b33ebcc0-d68b-48d4-ab54-8a49e74460d5	a60d62fb-5c02-4531-90dc-5e18d776eb07	BUY	10.00000000	135.0000	0.0000	1350.0000	USD	2026-04-12 21:09:28.356828	\N	0.85680002
3c2aecfa-9fdf-4948-9dee-8ddbf9e8fb19	b33ebcc0-d68b-48d4-ab54-8a49e74460d5	a60d62fb-5c02-4531-90dc-5e18d776eb07	SELL	5.00000000	370.8700	0.0000	1854.3500	USD	2026-04-12 21:10:07.856902	1179.3500	0.85680002
9d3e8701-82ba-4e50-a012-3f0c5c967524	b33ebcc0-d68b-48d4-ab54-8a49e74460d5	fafaedd2-3a70-4be8-b4b5-37159a255790	SELL	1.00000000	10.0000	0.0000	10.0000	USD	2026-04-12 21:16:20.267717	0.0000	0.85680002
6a811d41-26e6-4caf-9914-c85156886e61	b33ebcc0-d68b-48d4-ab54-8a49e74460d5	fafaedd2-3a70-4be8-b4b5-37159a255790	BUY	10.00000000	10.0000	0.0000	100.0000	USD	2026-04-12 21:20:31.434941	\N	0.85640001
3f019e8f-60c3-4900-8ce2-7f45b752f6e1	b33ebcc0-d68b-48d4-ab54-8a49e74460d5	fafaedd2-3a70-4be8-b4b5-37159a255790	SELL	1.00000000	17.5152	0.0000	17.5152	USD	2026-04-12 21:20:42.493114	7.5152	0.85640001
91bfc773-60e0-468d-b8b2-bf3583d8ab35	b33ebcc0-d68b-48d4-ab54-8a49e74460d5	fafaedd2-3a70-4be8-b4b5-37159a255790	SELL	1.00000000	17.5152	0.0000	17.5152	USD	2026-04-12 21:25:31.241966	7.5152	0.85640001
5e4b7f71-f813-4068-91e0-26aacaffa681	b33ebcc0-d68b-48d4-ab54-8a49e74460d5	fafaedd2-3a70-4be8-b4b5-37159a255790	SELL	1.00000000	15.0000	0.0000	15.0000	USD	2026-04-12 21:30:33.212558	5.0000	1.00000000
43858cea-1598-4b8a-9c93-20a8ec7d90b0	b33ebcc0-d68b-48d4-ab54-8a49e74460d5	c70afc82-67cf-43c0-a6d7-987d60fcf574	SELL	1.00000000	21.3975	0.0000	21.3975	EUR	2026-04-12 21:31:18.552347	11.3975	1.16836083
9c6fb81e-b534-448f-9e1b-2e0aebd7352c	b33ebcc0-d68b-48d4-ab54-8a49e74460d5	fafaedd2-3a70-4be8-b4b5-37159a255790	SELL	1.00000000	31.6296	0.0000	31.6296	USD	2026-04-12 21:33:21.504352	21.6296	0.79040003
7543445c-ddd2-4787-9e27-5a8c90f65ee3	b33ebcc0-d68b-48d4-ab54-8a49e74460d5	c70afc82-67cf-43c0-a6d7-987d60fcf574	SELL	1.00000000	27.0862	0.0000	27.0862	EUR	2026-04-12 21:34:21.81573	17.0862	0.92298001
\.


--
-- Data for Name: users; Type: TABLE DATA; Schema: public; Owner: admin
--

COPY public.users (id, username, email, password, is_admin, preferred_curency, created_at) FROM stdin;
04ff28e8-73e2-48f4-aa1d-969fca80e226	string	user@example.com	$2b$12$5Onet9ukI/f/DbAy/gCgVu950VF.J95.KJNj68DcGEDlSk0mtZGjO	f	EUR	2026-04-09 14:18:43.119904
dc43ad43-5aae-4906-80aa-9653c7a5a548	string1	user@example1.com	$2b$12$QWSdp6ubkhJ4NqB94XiNNe.8JsSzmyKcygmXDQ4m2KuerhV5Yw/WG	f	EUR	2026-04-09 14:45:47.268694
6e0f10bb-98f4-4037-a87a-3ed1dc3d3786	Sinnaj004	test@test.de	$2b$12$IjYNa9Qe5bMURugRKcmI8upvcz4zoDWDuZ/3Qm/LU5L9lpXlM/38K	f	EUR	2026-04-10 11:09:29.655356
20b43414-c130-4d84-ae35-64356b86a278	jannis	jannis@cmd.de	$2b$12$URbawtYghyfcuuII5H/ny.ECuCfGBT3e18DDaZr86LmrRz2YPf4V6	f	EUR	2026-04-11 09:04:09.895946
7b73bf6b-2b09-41be-9763-153565880121	jannis1	jannis@gmx.de	$2b$12$HGObei2VP6hfUTcycuJL8uLv1kyCz.s.DlnVW3Ohkp9adxWTC1oJS	f	EUR	2026-04-11 09:06:22.011773
9ecd1996-aafd-4e00-98ca-bcf4c1fa84b7	Stoner	jannis@stinkt.de	$2b$12$6inNdLuQAm80tJFqYA6CmOHggcUa1BO4ZoyeesdXEi59YDp3eAuM.	f	EUR	2026-04-11 09:06:22.011773
2419ee7f-6eac-4846-938f-e09b7b5e4ab5	Kyra	test@gmx.de	$2b$12$quqYPBQHaTj9Yjm4w9YRM.fcyEXXCcB9fNXbL1.kZasbRk8KZYle2	t	EUR	2026-04-10 11:09:29.655356
\.


--
-- Name: bgw_job_id_seq; Type: SEQUENCE SET; Schema: _timescaledb_catalog; Owner: admin
--

SELECT pg_catalog.setval('_timescaledb_catalog.bgw_job_id_seq', 1000, false);


--
-- Name: chunk_column_stats_id_seq; Type: SEQUENCE SET; Schema: _timescaledb_catalog; Owner: admin
--

SELECT pg_catalog.setval('_timescaledb_catalog.chunk_column_stats_id_seq', 1, false);


--
-- Name: chunk_constraint_name; Type: SEQUENCE SET; Schema: _timescaledb_catalog; Owner: admin
--

SELECT pg_catalog.setval('_timescaledb_catalog.chunk_constraint_name', 1, false);


--
-- Name: chunk_id_seq; Type: SEQUENCE SET; Schema: _timescaledb_catalog; Owner: admin
--

SELECT pg_catalog.setval('_timescaledb_catalog.chunk_id_seq', 1, false);


--
-- Name: dimension_id_seq; Type: SEQUENCE SET; Schema: _timescaledb_catalog; Owner: admin
--

SELECT pg_catalog.setval('_timescaledb_catalog.dimension_id_seq', 1, true);


--
-- Name: dimension_slice_id_seq; Type: SEQUENCE SET; Schema: _timescaledb_catalog; Owner: admin
--

SELECT pg_catalog.setval('_timescaledb_catalog.dimension_slice_id_seq', 1, false);


--
-- Name: hypertable_id_seq; Type: SEQUENCE SET; Schema: _timescaledb_catalog; Owner: admin
--

SELECT pg_catalog.setval('_timescaledb_catalog.hypertable_id_seq', 1, true);


--
-- Name: asset_prices asset_prices_pkey; Type: CONSTRAINT; Schema: public; Owner: admin
--

ALTER TABLE ONLY public.asset_prices
    ADD CONSTRAINT asset_prices_pkey PRIMARY KEY (id);


--
-- Name: assets assets_pkey; Type: CONSTRAINT; Schema: public; Owner: admin
--

ALTER TABLE ONLY public.assets
    ADD CONSTRAINT assets_pkey PRIMARY KEY (id);


--
-- Name: portfolio_items portfolio_items_pkey; Type: CONSTRAINT; Schema: public; Owner: admin
--

ALTER TABLE ONLY public.portfolio_items
    ADD CONSTRAINT portfolio_items_pkey PRIMARY KEY (id);


--
-- Name: portfolios portfolios_pkey; Type: CONSTRAINT; Schema: public; Owner: admin
--

ALTER TABLE ONLY public.portfolios
    ADD CONSTRAINT portfolios_pkey PRIMARY KEY (id);


--
-- Name: transactions transactions_pkey; Type: CONSTRAINT; Schema: public; Owner: admin
--

ALTER TABLE ONLY public.transactions
    ADD CONSTRAINT transactions_pkey PRIMARY KEY (id);


--
-- Name: users users_pkey; Type: CONSTRAINT; Schema: public; Owner: admin
--

ALTER TABLE ONLY public.users
    ADD CONSTRAINT users_pkey PRIMARY KEY (id);


--
-- Name: idx_transactions_portfolio_id; Type: INDEX; Schema: public; Owner: admin
--

CREATE INDEX idx_transactions_portfolio_id ON public.transactions USING btree (portfolio_id);


--
-- Name: ix_assets_symbol; Type: INDEX; Schema: public; Owner: admin
--

CREATE UNIQUE INDEX ix_assets_symbol ON public.assets USING btree (symbol);


--
-- Name: ix_users_email; Type: INDEX; Schema: public; Owner: admin
--

CREATE UNIQUE INDEX ix_users_email ON public.users USING btree (email);


--
-- Name: ix_users_username; Type: INDEX; Schema: public; Owner: admin
--

CREATE UNIQUE INDEX ix_users_username ON public.users USING btree (username);


--
-- Name: asset_prices asset_prices_asset_id_fkey; Type: FK CONSTRAINT; Schema: public; Owner: admin
--

ALTER TABLE ONLY public.asset_prices
    ADD CONSTRAINT asset_prices_asset_id_fkey FOREIGN KEY (asset_id) REFERENCES public.assets(id) ON DELETE CASCADE;


--
-- Name: transactions fk_asset; Type: FK CONSTRAINT; Schema: public; Owner: admin
--

ALTER TABLE ONLY public.transactions
    ADD CONSTRAINT fk_asset FOREIGN KEY (asset_id) REFERENCES public.assets(id) ON DELETE CASCADE;


--
-- Name: transactions fk_portfolio; Type: FK CONSTRAINT; Schema: public; Owner: admin
--

ALTER TABLE ONLY public.transactions
    ADD CONSTRAINT fk_portfolio FOREIGN KEY (portfolio_id) REFERENCES public.portfolios(id) ON DELETE CASCADE;


--
-- Name: portfolio_items portfolio_items_asset_id_fkey; Type: FK CONSTRAINT; Schema: public; Owner: admin
--

ALTER TABLE ONLY public.portfolio_items
    ADD CONSTRAINT portfolio_items_asset_id_fkey FOREIGN KEY (asset_id) REFERENCES public.assets(id);


--
-- Name: portfolio_items portfolio_items_portfolio_id_fkey; Type: FK CONSTRAINT; Schema: public; Owner: admin
--

ALTER TABLE ONLY public.portfolio_items
    ADD CONSTRAINT portfolio_items_portfolio_id_fkey FOREIGN KEY (portfolio_id) REFERENCES public.portfolios(id);


--
-- Name: portfolios portfolios_user_id_fkey; Type: FK CONSTRAINT; Schema: public; Owner: admin
--

ALTER TABLE ONLY public.portfolios
    ADD CONSTRAINT portfolios_user_id_fkey FOREIGN KEY (user_id) REFERENCES public.users(id);


--
-- PostgreSQL database dump complete
--

\unrestrict 0Jz4nrxvMbj5ioIIpSZkB3KzsNOgc3tVWVgbP0wZGCTiycGVt4ZJQ6xym5t6flb

